date,time,loghost,process,accessType,ip
2010-06-14,15:16:01,combo,sshd(pam_unix)[19939],unauthorized,218.188.2.4
2010-06-14,15:16:02,combo,sshd(pam_unix)[19937],unauthorized,218.188.2.4
2010-06-15,02:04:59,combo,sshd(pam_unix)[20882],unauthorized,220.135.151.1
2010-06-15,02:04:59,combo,sshd(pam_unix)[20884],unauthorized,220.135.151.1
2010-06-15,02:04:59,combo,sshd(pam_unix)[20883],unauthorized,220.135.151.1
2010-06-15,02:04:59,combo,sshd(pam_unix)[20885],unauthorized,220.135.151.1
2010-06-15,02:04:59,combo,sshd(pam_unix)[20886],unauthorized,220.135.151.1
2010-06-15,02:04:59,combo,sshd(pam_unix)[20892],unauthorized,220.135.151.1
2010-06-15,02:04:59,combo,sshd(pam_unix)[20893],unauthorized,220.135.151.1
2010-06-15,02:04:59,combo,sshd(pam_unix)[20896],unauthorized,220.135.151.1
2010-06-15,02:04:59,combo,sshd(pam_unix)[20897],unauthorized,220.135.151.1
2010-06-15,02:04:59,combo,sshd(pam_unix)[20898],unauthorized,220.135.151.1
2010-06-15,12:12:34,combo,sshd(pam_unix)[23397],unauthorized,218.188.2.4
2010-06-15,12:12:34,combo,sshd(pam_unix)[23395],unauthorized,218.188.2.4
2010-06-15,12:12:34,combo,sshd(pam_unix)[23404],unauthorized,218.188.2.4
2010-06-15,12:12:34,combo,sshd(pam_unix)[23399],unauthorized,218.188.2.4
2010-06-15,12:12:34,combo,sshd(pam_unix)[23406],unauthorized,218.188.2.4
2010-06-15,12:12:34,combo,sshd(pam_unix)[23394],unauthorized,218.188.2.4
2010-06-15,12:12:34,combo,sshd(pam_unix)[23396],unauthorized,218.188.2.4
2010-06-15,12:12:34,combo,sshd(pam_unix)[23407],unauthorized,218.188.2.4
2010-06-15,12:12:34,combo,sshd(pam_unix)[23403],unauthorized,218.188.2.4
2010-06-15,12:12:34,combo,sshd(pam_unix)[23412],unauthorized,218.188.2.4
2010-06-15,12:13:19,combo,sshd(pam_unix)[23414],unauthorized,218.188.2.4
2010-06-15,12:13:20,combo,sshd(pam_unix)[23416],unauthorized,218.188.2.4
2010-06-15,14:53:32,combo,sshd(pam_unix)[23661],unauthorized,061.092.085.098
2010-06-15,14:53:32,combo,sshd(pam_unix)[23663],unauthorized,061.092.085.098
2010-06-15,14:53:32,combo,sshd(pam_unix)[23664],unauthorized,061.092.085.098
2010-06-15,14:53:33,combo,sshd(pam_unix)[23665],unauthorized,061.092.085.098
2010-06-15,14:53:34,combo,sshd(pam_unix)[23669],unauthorized,061.092.085.098
2010-06-15,14:53:35,combo,sshd(pam_unix)[23671],unauthorized,061.092.085.098
2010-06-15,14:53:35,combo,sshd(pam_unix)[23673],unauthorized,061.092.085.098
2010-06-15,14:53:35,combo,sshd(pam_unix)[23674],unauthorized,061.092.085.098
2010-06-15,14:53:36,combo,sshd(pam_unix)[23678],unauthorized,061.092.085.098
2010-06-15,14:53:36,combo,sshd(pam_unix)[23677],unauthorized,061.092.085.098
2010-06-15,20:05:31,combo,sshd(pam_unix)[24138],unauthorized,211.116.254.214
2010-06-15,20:05:31,combo,sshd(pam_unix)[24137],unauthorized,211.116.254.214
2010-06-15,20:05:31,combo,sshd(pam_unix)[24141],unauthorized,211.116.254.214
2010-06-15,20:05:31,combo,sshd(pam_unix)[24140],unauthorized,211.116.254.214
2010-06-15,20:05:31,combo,sshd(pam_unix)[24139],unauthorized,211.116.254.214
2010-06-17,07:07:00,combo,ftpd[29504],authorized,24.54.76.216
2010-06-17,07:07:00,combo,ftpd[29508],authorized,24.54.76.216
2010-06-17,07:07:00,combo,ftpd[29507],authorized,24.54.76.216
2010-06-17,07:07:00,combo,ftpd[29505],authorized,24.54.76.216
2010-06-17,07:07:00,combo,ftpd[29506],authorized,24.54.76.216
2010-06-17,07:07:00,combo,ftpd[29509],authorized,24.54.76.216
2010-06-17,07:07:02,combo,ftpd[29510],authorized,24.54.76.216
2010-06-17,07:07:04,combo,ftpd[29511],authorized,24.54.76.216
2010-06-17,19:43:13,combo,sshd(pam_unix)[30565],unauthorized,211.46.224.253
2010-06-17,20:55:06,combo,ftpd[30755],authorized,82.252.162.81
2010-06-17,20:55:06,combo,ftpd[30754],authorized,82.252.162.81
2010-06-17,20:55:06,combo,ftpd[30753],authorized,82.252.162.81
2010-06-17,20:55:06,combo,ftpd[30756],authorized,82.252.162.81
2010-06-17,20:55:06,combo,ftpd[30757],authorized,82.252.162.81
2010-06-17,20:55:07,combo,ftpd[30758],authorized,82.252.162.81
2010-06-17,20:55:07,combo,ftpd[30759],authorized,82.252.162.81
2010-06-18,01:30:59,combo,sshd(pam_unix)[31201],unauthorized,70.242.75.179
2010-06-18,01:30:59,combo,sshd(pam_unix)[31199],unauthorized,70.242.75.179
2010-06-18,01:30:59,combo,sshd(pam_unix)[31198],unauthorized,70.242.75.179
2010-06-18,01:30:59,combo,sshd(pam_unix)[31202],unauthorized,70.242.75.179
2010-06-18,01:30:59,combo,sshd(pam_unix)[31205],unauthorized,70.242.75.179
2010-06-18,01:30:59,combo,sshd(pam_unix)[31200],unauthorized,70.242.75.179
2010-06-18,01:30:59,combo,sshd(pam_unix)[31206],unauthorized,70.242.75.179
2010-06-18,01:30:59,combo,sshd(pam_unix)[31204],unauthorized,70.242.75.179
2010-06-18,01:30:59,combo,sshd(pam_unix)[31203],unauthorized,70.242.75.179
2010-06-18,01:30:59,combo,sshd(pam_unix)[31207],unauthorized,70.242.75.179
2010-06-18,02:08:10,combo,ftpd[31272],authorized,82.252.162.81
2010-06-18,02:08:10,combo,ftpd[31273],authorized,82.252.162.81
2010-06-18,02:08:10,combo,ftpd[31274],authorized,82.252.162.81
2010-06-18,02:08:10,combo,ftpd[31275],authorized,82.252.162.81
2010-06-18,02:08:10,combo,ftpd[31276],authorized,82.252.162.81
2010-06-18,02:08:10,combo,ftpd[31277],authorized,82.252.162.81
2010-06-18,02:08:10,combo,ftpd[31278],authorized,82.252.162.81
2010-06-18,02:08:11,combo,ftpd[31279],authorized,82.252.162.81
2010-06-18,02:08:11,combo,ftpd[31280],authorized,82.252.162.81
2010-06-18,02:08:11,combo,ftpd[31281],authorized,82.252.162.81
2010-06-18,02:08:11,combo,ftpd[31282],authorized,82.252.162.81
2010-06-18,02:08:11,combo,ftpd[31283],authorized,82.252.162.81
2010-06-18,02:08:12,combo,ftpd[31284],authorized,82.252.162.81
2010-06-18,02:08:12,combo,ftpd[31285],authorized,82.252.162.81
2010-06-18,02:08:12,combo,ftpd[31286],authorized,82.252.162.81
2010-06-20,03:40:59,combo,ftpd[8829],authorized,222.33.90.199
2010-06-20,03:40:59,combo,ftpd[8824],authorized,222.33.90.199
2010-06-20,03:40:59,combo,ftpd[8828],authorized,222.33.90.199
2010-06-20,03:40:59,combo,ftpd[8822],authorized,222.33.90.199
2010-06-20,03:40:59,combo,ftpd[8833],authorized,222.33.90.199
2010-06-20,03:40:59,combo,ftpd[8827],authorized,222.33.90.199
2010-06-20,03:40:59,combo,ftpd[8823],authorized,222.33.90.199
2010-06-20,03:40:59,combo,ftpd[8825],authorized,222.33.90.199
2010-06-20,03:40:59,combo,ftpd[8826],authorized,222.33.90.199
2010-06-20,03:40:59,combo,ftpd[8832],authorized,222.33.90.199
2010-06-20,03:40:59,combo,ftpd[8830],authorized,222.33.90.199
2010-06-20,03:40:59,combo,ftpd[8831],authorized,222.33.90.199
2010-06-20,09:20:05,combo,sshd(pam_unix)[10035],unauthorized,65.166.159.14
2010-06-20,09:20:05,combo,sshd(pam_unix)[10037],unauthorized,65.166.159.14
2010-06-20,09:20:05,combo,sshd(pam_unix)[10039],unauthorized,65.166.159.14
2010-06-20,09:20:06,combo,sshd(pam_unix)[10041],unauthorized,65.166.159.14
2010-06-20,09:20:07,combo,sshd(pam_unix)[10043],unauthorized,65.166.159.14
2010-06-20,09:20:07,combo,sshd(pam_unix)[10045],unauthorized,65.166.159.14
2010-06-20,09:20:07,combo,sshd(pam_unix)[10047],unauthorized,65.166.159.14
2010-06-20,09:20:07,combo,sshd(pam_unix)[10049],unauthorized,65.166.159.14
2010-06-20,09:20:08,combo,sshd(pam_unix)[10051],unauthorized,65.166.159.14
2010-06-20,09:20:08,combo,sshd(pam_unix)[10053],unauthorized,65.166.159.14
2010-06-21,08:56:36,combo,sshd(pam_unix)[14281],unauthorized,217.60.212.66
2010-06-21,08:56:36,combo,sshd(pam_unix)[14279],unauthorized,217.60.212.66
2010-06-21,08:56:36,combo,sshd(pam_unix)[14282],unauthorized,217.60.212.66
2010-06-21,08:56:36,combo,sshd(pam_unix)[14277],unauthorized,217.60.212.66
2010-06-21,08:56:36,combo,sshd(pam_unix)[14278],unauthorized,217.60.212.66
2010-06-21,08:56:36,combo,sshd(pam_unix)[14280],unauthorized,217.60.212.66
2010-06-22,03:17:26,combo,sshd(pam_unix)[16207],unauthorized,219.076.184.117
2010-06-22,03:17:26,combo,sshd(pam_unix)[16206],unauthorized,219.076.184.117
2010-06-22,03:17:35,combo,sshd(pam_unix)[16210],unauthorized,219.076.184.117
2010-06-22,03:17:36,combo,sshd(pam_unix)[16212],unauthorized,219.076.184.117
2010-06-22,03:17:36,combo,sshd(pam_unix)[16213],unauthorized,219.076.184.117
2010-06-22,03:17:45,combo,sshd(pam_unix)[16216],unauthorized,219.076.184.117
2010-06-22,03:17:46,combo,sshd(pam_unix)[16218],unauthorized,219.076.184.117
2010-06-22,03:17:46,combo,sshd(pam_unix)[16219],unauthorized,219.076.184.117
2010-06-22,03:17:52,combo,sshd(pam_unix)[16222],unauthorized,219.076.184.117
2010-06-22,03:17:55,combo,sshd(pam_unix)[16224],unauthorized,219.076.184.117
2010-06-22,03:17:56,combo,sshd(pam_unix)[16226],unauthorized,219.076.184.117
2010-06-22,03:17:56,combo,sshd(pam_unix)[16227],unauthorized,219.076.184.117
2010-06-22,03:18:02,combo,sshd(pam_unix)[16230],unauthorized,219.076.184.117
2010-06-22,03:18:05,combo,sshd(pam_unix)[16232],unauthorized,219.076.184.117
2010-06-22,03:18:06,combo,sshd(pam_unix)[16234],unauthorized,219.076.184.117
2010-06-22,03:18:06,combo,sshd(pam_unix)[16235],unauthorized,219.076.184.117
2010-06-22,03:18:10,combo,sshd(pam_unix)[16238],unauthorized,219.076.184.117
2010-06-22,03:18:12,combo,sshd(pam_unix)[16240],unauthorized,219.076.184.117
2010-06-22,03:18:15,combo,sshd(pam_unix)[16242],unauthorized,219.076.184.117
2010-06-22,03:18:16,combo,sshd(pam_unix)[16244],unauthorized,219.076.184.117
2010-06-22,03:18:16,combo,sshd(pam_unix)[16245],unauthorized,219.076.184.117
2010-06-22,03:18:20,combo,sshd(pam_unix)[16248],unauthorized,219.076.184.117
2010-06-22,03:18:22,combo,sshd(pam_unix)[16250],unauthorized,219.076.184.117
2010-06-22,04:30:55,combo,sshd(pam_unix)[17129],unauthorized,216.69.169.168
2010-06-22,04:30:55,combo,sshd(pam_unix)[17125],unauthorized,216.69.169.168
2010-06-22,04:30:55,combo,sshd(pam_unix)[17124],unauthorized,216.69.169.168
2010-06-22,04:30:55,combo,sshd(pam_unix)[17123],unauthorized,216.69.169.168
2010-06-22,04:30:55,combo,sshd(pam_unix)[17132],unauthorized,216.69.169.168
2010-06-22,04:30:55,combo,sshd(pam_unix)[17131],unauthorized,216.69.169.168
2010-06-22,04:30:55,combo,sshd(pam_unix)[17135],unauthorized,216.69.169.168
2010-06-22,04:30:55,combo,sshd(pam_unix)[17137],unauthorized,216.69.169.168
2010-06-22,04:30:56,combo,sshd(pam_unix)[17139],unauthorized,216.69.169.168
2010-06-22,04:30:56,combo,sshd(pam_unix)[17140],unauthorized,216.69.169.168
2010-06-22,13:16:30,combo,ftpd[17886],authorized,210.245.165.136
2010-06-22,13:16:30,combo,ftpd[17889],authorized,210.245.165.136
2010-06-22,13:16:30,combo,ftpd[17887],authorized,210.245.165.136
2010-06-22,13:16:30,combo,ftpd[17888],authorized,210.245.165.136
2010-06-22,13:16:30,combo,ftpd[17890],authorized,210.245.165.136
2010-06-22,13:16:30,combo,ftpd[17893],authorized,210.245.165.136
2010-06-22,13:16:30,combo,ftpd[17879],authorized,210.245.165.136
2010-06-22,13:16:30,combo,ftpd[17892],authorized,210.245.165.136
2010-06-22,13:16:30,combo,ftpd[17876],authorized,210.245.165.136
2010-06-22,13:16:30,combo,ftpd[17875],authorized,210.245.165.136
2010-06-22,13:16:30,combo,ftpd[17877],authorized,210.245.165.136
2010-06-22,13:16:30,combo,ftpd[17874],authorized,210.245.165.136
2010-06-22,13:16:30,combo,ftpd[17882],authorized,210.245.165.136
2010-06-22,13:16:30,combo,ftpd[17872],authorized,210.245.165.136
2010-06-22,13:16:30,combo,ftpd[17881],authorized,210.245.165.136
2010-06-22,13:16:30,combo,ftpd[17878],authorized,210.245.165.136
2010-06-22,13:16:31,combo,ftpd[17873],authorized,210.245.165.136
2010-06-22,13:16:31,combo,ftpd[17885],authorized,210.245.165.136
2010-06-22,13:16:31,combo,ftpd[17884],authorized,210.245.165.136
2010-06-22,13:16:31,combo,ftpd[17880],authorized,210.245.165.136
2010-06-22,13:16:31,combo,ftpd[17883],authorized,210.245.165.136
2010-06-22,13:16:31,combo,ftpd[17891],authorized,210.245.165.136
2010-06-22,13:16:32,combo,ftpd[17894],authorized,210.245.165.136
2010-06-23,01:41:29,combo,sshd(pam_unix)[18969],unauthorized,209.152.168.249
2010-06-23,01:41:29,combo,sshd(pam_unix)[18971],unauthorized,209.152.168.249
2010-06-23,01:41:29,combo,sshd(pam_unix)[18973],unauthorized,209.152.168.249
2010-06-23,01:41:29,combo,sshd(pam_unix)[18975],unauthorized,209.152.168.249
2010-06-23,01:41:29,combo,sshd(pam_unix)[18977],unauthorized,209.152.168.249
2010-06-23,01:41:30,combo,sshd(pam_unix)[18983],unauthorized,209.152.168.249
2010-06-23,01:41:30,combo,sshd(pam_unix)[18982],unauthorized,209.152.168.249
2010-06-23,01:41:30,combo,sshd(pam_unix)[18981],unauthorized,209.152.168.249
2010-06-23,01:41:30,combo,sshd(pam_unix)[18976],unauthorized,209.152.168.249
2010-06-23,01:41:32,combo,sshd(pam_unix)[18967],unauthorized,209.152.168.249
2010-06-23,02:55:14,combo,sshd(pam_unix)[19085],unauthorized,200.60.37.201
2010-06-23,23:30:03,combo,sshd(pam_unix)[26189],unauthorized,218.22.3.51
2010-06-23,23:30:03,combo,sshd(pam_unix)[26188],unauthorized,218.22.3.51
2010-06-23,23:30:04,combo,sshd(pam_unix)[26193],unauthorized,218.22.3.51
2010-06-23,23:30:04,combo,sshd(pam_unix)[26182],unauthorized,218.22.3.51
2010-06-23,23:30:04,combo,sshd(pam_unix)[26183],unauthorized,218.22.3.51
2010-06-23,23:30:04,combo,sshd(pam_unix)[26184],unauthorized,218.22.3.51
2010-06-23,23:30:05,combo,sshd(pam_unix)[26197],unauthorized,218.22.3.51
2010-06-23,23:30:05,combo,sshd(pam_unix)[26198],unauthorized,218.22.3.51
2010-06-23,23:30:05,combo,sshd(pam_unix)[26190],unauthorized,218.22.3.51
2010-06-24,18:55:11,combo,ftpd[28568],authorized,218.69.108.57
2010-06-24,18:55:11,combo,ftpd[28566],authorized,218.69.108.57
2010-06-24,18:55:11,combo,ftpd[28562],authorized,218.69.108.57
2010-06-24,18:55:11,combo,ftpd[28563],authorized,218.69.108.57
2010-06-24,18:55:11,combo,ftpd[28565],authorized,218.69.108.57
2010-06-24,18:55:11,combo,ftpd[28564],authorized,218.69.108.57
2010-06-24,18:55:11,combo,ftpd[28567],authorized,218.69.108.57
2010-06-24,18:55:18,combo,ftpd[28570],authorized,218.69.108.57
2010-06-24,18:55:18,combo,ftpd[28571],authorized,218.69.108.57
2010-06-24,18:55:18,combo,ftpd[28569],authorized,218.69.108.57
2010-06-24,18:55:18,combo,ftpd[28572],authorized,218.69.108.57
2010-06-24,18:55:18,combo,ftpd[28574],authorized,218.69.108.57
2010-06-24,18:55:18,combo,ftpd[28573],authorized,218.69.108.57
2010-06-25,04:41:49,combo,sshd(pam_unix)[31031],unauthorized,
2010-06-25,04:41:49,combo,sshd(pam_unix)[31035],unauthorized,
2010-06-25,04:41:49,combo,sshd(pam_unix)[31034],unauthorized,
2010-06-25,04:41:49,combo,sshd(pam_unix)[31036],unauthorized,
2010-06-25,04:41:51,combo,sshd(pam_unix)[31025],unauthorized,
2010-06-25,04:41:51,combo,sshd(pam_unix)[31028],unauthorized,
2010-06-25,04:41:51,combo,sshd(pam_unix)[31020],unauthorized,
2010-06-25,04:41:51,combo,sshd(pam_unix)[31027],unauthorized,
2010-06-25,04:41:51,combo,sshd(pam_unix)[31021],unauthorized,
2010-06-25,04:41:51,combo,sshd(pam_unix)[31024],unauthorized,
2010-06-25,09:20:24,combo,ftpd[31475],authorized,210.118.170.95
2010-06-25,09:20:24,combo,ftpd[31477],authorized,210.118.170.95
2010-06-25,09:20:24,combo,ftpd[31474],authorized,210.118.170.95
2010-06-25,09:20:24,combo,ftpd[31476],authorized,210.118.170.95
2010-06-25,09:20:24,combo,ftpd[31473],authorized,210.118.170.95
2010-06-25,09:20:24,combo,ftpd[31467],authorized,210.118.170.95
2010-06-25,09:20:24,combo,ftpd[31470],authorized,210.118.170.95
2010-06-25,09:20:24,combo,ftpd[31465],authorized,210.118.170.95
2010-06-25,09:20:24,combo,ftpd[31472],authorized,210.118.170.95
2010-06-25,09:20:24,combo,ftpd[31468],authorized,210.118.170.95
2010-06-25,09:20:24,combo,ftpd[31463],authorized,210.118.170.95
2010-06-25,09:20:24,combo,ftpd[31471],authorized,210.118.170.95
2010-06-25,09:20:24,combo,ftpd[31469],authorized,210.118.170.95
2010-06-25,09:20:24,combo,ftpd[31462],authorized,210.118.170.95
2010-06-25,09:20:24,combo,ftpd[31464],authorized,210.118.170.95
2010-06-25,09:20:24,combo,ftpd[31466],authorized,210.118.170.95
2010-06-25,09:20:24,combo,ftpd[31461],authorized,210.118.170.95
2010-06-25,09:20:24,combo,ftpd[31460],authorized,210.118.170.95
2010-06-25,19:25:30,combo,ftpd[32328],authorized,211.167.68.59
2010-06-25,19:25:30,combo,ftpd[32329],authorized,211.167.68.59
2010-06-25,19:25:30,combo,ftpd[32324],authorized,211.167.68.59
2010-06-25,19:25:30,combo,ftpd[32326],authorized,211.167.68.59
2010-06-25,19:25:30,combo,ftpd[32323],authorized,211.167.68.59
2010-06-25,19:25:30,combo,ftpd[32327],authorized,211.167.68.59
2010-06-25,19:25:30,combo,ftpd[32325],authorized,211.167.68.59
2010-06-25,19:25:30,combo,ftpd[32331],authorized,211.167.68.59
2010-06-25,19:25:30,combo,ftpd[32330],authorized,211.167.68.59
2010-06-25,19:25:31,combo,ftpd[32333],authorized,211.167.68.59
2010-06-25,19:25:31,combo,ftpd[32332],authorized,211.167.68.59
2010-06-25,19:25:31,combo,ftpd[32334],authorized,211.167.68.59
2010-06-25,19:25:34,combo,ftpd[32335],authorized,211.167.68.59
2010-06-27,08:05:37,combo,sshd(pam_unix)[8660],unauthorized,
2010-06-27,08:05:39,combo,sshd(pam_unix)[8664],unauthorized,
2010-06-27,08:05:39,combo,sshd(pam_unix)[8663],unauthorized,
2010-06-27,08:05:39,combo,sshd(pam_unix)[8662],unauthorized,
2010-06-27,08:05:39,combo,sshd(pam_unix)[8661],unauthorized,
2010-06-28,08:10:24,combo,sshd(pam_unix)[11513],unauthorized,61.53.154.93
2010-06-28,08:10:24,combo,sshd(pam_unix)[11517],unauthorized,61.53.154.93
2010-06-28,08:10:24,combo,sshd(pam_unix)[11521],unauthorized,61.53.154.93
2010-06-28,08:10:24,combo,sshd(pam_unix)[11510],unauthorized,61.53.154.93
2010-06-28,08:10:25,combo,sshd(pam_unix)[11519],unauthorized,61.53.154.93
2010-06-28,08:10:26,combo,sshd(pam_unix)[11514],unauthorized,61.53.154.93
2010-06-28,08:10:28,combo,sshd(pam_unix)[11512],unauthorized,61.53.154.93
2010-06-28,08:10:29,combo,sshd(pam_unix)[11509],unauthorized,61.53.154.93
2010-06-28,08:10:30,combo,sshd(pam_unix)[11515],unauthorized,61.53.154.93
2010-06-28,20:58:46,combo,sshd(pam_unix)[12665],unauthorized,62.192.102.94
2010-06-28,20:58:46,combo,sshd(pam_unix)[12666],unauthorized,62.192.102.94
2010-06-28,20:58:47,combo,sshd(pam_unix)[12669],unauthorized,62.192.102.94
2010-06-28,20:58:50,combo,sshd(pam_unix)[12671],unauthorized,62.192.102.94
2010-06-28,20:58:52,combo,sshd(pam_unix)[12673],unauthorized,62.192.102.94
2010-06-28,20:58:53,combo,sshd(pam_unix)[12675],unauthorized,62.192.102.94
2010-06-28,20:58:53,combo,sshd(pam_unix)[12677],unauthorized,62.192.102.94
2010-06-28,20:58:55,combo,sshd(pam_unix)[12679],unauthorized,62.192.102.94
2010-06-28,20:58:55,combo,sshd(pam_unix)[12681],unauthorized,62.192.102.94
2010-06-28,20:58:55,combo,sshd(pam_unix)[12680],unauthorized,62.192.102.94
2010-06-28,21:42:46,combo,sshd(pam_unix)[12756],unauthorized,211.115.206.155
2010-06-28,21:42:46,combo,sshd(pam_unix)[12753],unauthorized,211.115.206.155
2010-06-28,21:42:46,combo,sshd(pam_unix)[12752],unauthorized,211.115.206.155
2010-06-28,21:42:46,combo,sshd(pam_unix)[12755],unauthorized,211.115.206.155
2010-06-28,21:42:46,combo,sshd(pam_unix)[12754],unauthorized,211.115.206.155
2010-06-29,03:22:22,combo,ftpd[13262],authorized,61.74.96.178
2010-06-29,03:22:22,combo,ftpd[13257],authorized,61.74.96.178
2010-06-29,03:22:22,combo,ftpd[13261],authorized,61.74.96.178
2010-06-29,03:22:22,combo,ftpd[13250],authorized,61.74.96.178
2010-06-29,03:22:22,combo,ftpd[13252],authorized,61.74.96.178
2010-06-29,03:22:22,combo,ftpd[13260],authorized,61.74.96.178
2010-06-29,03:22:22,combo,ftpd[13259],authorized,61.74.96.178
2010-06-29,03:22:22,combo,ftpd[13256],authorized,61.74.96.178
2010-06-29,03:22:22,combo,ftpd[13258],authorized,61.74.96.178
2010-06-29,03:22:22,combo,ftpd[13255],authorized,61.74.96.178
2010-06-29,03:22:22,combo,ftpd[13254],authorized,61.74.96.178
2010-06-29,03:22:22,combo,ftpd[13264],authorized,61.74.96.178
2010-06-29,03:22:22,combo,ftpd[13251],authorized,61.74.96.178
2010-06-29,03:22:22,combo,ftpd[13263],authorized,61.74.96.178
2010-06-29,03:22:22,combo,ftpd[13245],authorized,61.74.96.178
2010-06-29,03:22:22,combo,ftpd[13246],authorized,61.74.96.178
2010-06-29,03:22:22,combo,ftpd[13244],authorized,61.74.96.178
2010-06-29,03:22:22,combo,ftpd[13243],authorized,61.74.96.178
2010-06-29,03:22:22,combo,ftpd[13249],authorized,61.74.96.178
2010-06-29,03:22:22,combo,ftpd[13253],authorized,61.74.96.178
2010-06-29,03:22:22,combo,ftpd[13247],authorized,61.74.96.178
2010-06-29,03:22:22,combo,ftpd[13248],authorized,61.74.96.178
2010-06-29,03:22:23,combo,ftpd[13265],authorized,61.74.96.178
2010-06-29,10:08:19,combo,sshd(pam_unix)[15481],unauthorized,
2010-06-29,10:08:19,combo,sshd(pam_unix)[15477],unauthorized,
2010-06-29,10:08:19,combo,sshd(pam_unix)[15479],unauthorized,
2010-06-29,10:08:19,combo,sshd(pam_unix)[15478],unauthorized,
2010-06-29,10:08:19,combo,sshd(pam_unix)[15480],unauthorized,
2010-06-29,10:08:19,combo,sshd(pam_unix)[15476],unauthorized,
2010-06-29,10:08:19,combo,sshd(pam_unix)[15488],unauthorized,
2010-06-29,10:08:20,combo,sshd(pam_unix)[15490],unauthorized,
2010-06-29,10:08:20,combo,sshd(pam_unix)[15491],unauthorized,
2010-06-29,10:08:20,combo,sshd(pam_unix)[15492],unauthorized,
2010-06-29,10:48:01,combo,ftpd[15547],authorized,208.62.55.75
2010-06-29,10:48:01,combo,ftpd[15543],authorized,208.62.55.75
2010-06-29,10:48:01,combo,ftpd[15546],authorized,208.62.55.75
2010-06-29,10:48:01,combo,ftpd[15542],authorized,208.62.55.75
2010-06-29,10:48:01,combo,ftpd[15544],authorized,208.62.55.75
2010-06-29,10:48:01,combo,ftpd[15545],authorized,208.62.55.75
2010-06-29,10:48:05,combo,ftpd[15548],authorized,208.62.55.75
2010-06-29,10:48:06,combo,ftpd[15549],authorized,208.62.55.75
2010-06-29,10:48:06,combo,ftpd[15550],authorized,208.62.55.75
2010-06-29,10:48:06,combo,ftpd[15551],authorized,208.62.55.75
2010-06-29,10:48:08,combo,ftpd[15552],authorized,208.62.55.75
2010-06-29,10:48:08,combo,ftpd[15553],authorized,208.62.55.75
2010-06-29,10:48:08,combo,ftpd[15554],authorized,208.62.55.75
2010-06-29,10:48:10,combo,ftpd[15555],authorized,208.62.55.75
2010-06-29,10:48:12,combo,ftpd[15556],authorized,208.62.55.75
2010-06-29,10:48:12,combo,ftpd[15557],authorized,208.62.55.75
2010-06-29,10:48:13,combo,ftpd[15558],authorized,208.62.55.75
2010-06-29,10:48:15,combo,ftpd[15559],authorized,208.62.55.75
2010-06-29,10:48:17,combo,ftpd[15560],authorized,208.62.55.75
2010-06-29,10:48:17,combo,ftpd[15561],authorized,208.62.55.75
2010-06-29,10:48:18,combo,ftpd[15562],authorized,208.62.55.75
2010-06-29,10:48:20,combo,ftpd[15563],authorized,208.62.55.75
2010-06-29,10:48:21,combo,ftpd[15564],authorized,208.62.55.75
2010-06-29,12:11:53,combo,sshd(pam_unix)[15692],unauthorized,64.187.1.131
2010-06-29,12:11:55,combo,sshd(pam_unix)[15694],unauthorized,64.187.1.131
2010-06-29,12:11:57,combo,sshd(pam_unix)[15696],unauthorized,64.187.1.131
2010-06-29,12:11:59,combo,sshd(pam_unix)[15698],unauthorized,64.187.1.131
2010-06-29,12:11:59,combo,sshd(pam_unix)[15700],unauthorized,64.187.1.131
2010-06-29,12:12:01,combo,sshd(pam_unix)[15702],unauthorized,64.187.1.131
2010-06-29,12:12:02,combo,sshd(pam_unix)[15704],unauthorized,64.187.1.131
2010-06-29,12:12:03,combo,sshd(pam_unix)[15706],unauthorized,64.187.1.131
2010-06-29,12:12:03,combo,sshd(pam_unix)[15708],unauthorized,64.187.1.131
2010-06-29,12:12:05,combo,sshd(pam_unix)[15710],unauthorized,64.187.1.131
2010-06-29,12:12:05,combo,sshd(pam_unix)[15712],unauthorized,64.187.1.131
2010-06-29,12:12:06,combo,sshd(pam_unix)[15714],unauthorized,64.187.1.131
2010-06-29,12:12:10,combo,sshd(pam_unix)[15716],unauthorized,64.187.1.131
2010-06-29,14:44:35,combo,ftpd[15917],authorized,210.223.97.117
2010-06-29,14:44:35,combo,ftpd[15922],authorized,210.223.97.117
2010-06-29,14:44:35,combo,ftpd[15918],authorized,210.223.97.117
2010-06-29,14:44:35,combo,ftpd[15919],authorized,210.223.97.117
2010-06-29,14:44:35,combo,ftpd[15923],authorized,210.223.97.117
2010-06-29,14:44:35,combo,ftpd[15920],authorized,210.223.97.117
2010-06-29,14:44:35,combo,ftpd[15921],authorized,210.223.97.117
2010-06-30,12:48:38,combo,sshd(pam_unix)[18559],unauthorized,
2010-06-30,12:48:41,combo,sshd(pam_unix)[18557],unauthorized,
2010-06-30,12:48:41,combo,sshd(pam_unix)[18550],unauthorized,
2010-06-30,12:48:41,combo,sshd(pam_unix)[18547],unauthorized,
2010-06-30,12:48:41,combo,sshd(pam_unix)[18549],unauthorized,
2010-06-30,12:48:41,combo,sshd(pam_unix)[18545],unauthorized,
2010-06-30,12:48:41,combo,sshd(pam_unix)[18548],unauthorized,
2010-06-30,12:48:41,combo,sshd(pam_unix)[18546],unauthorized,
2010-06-30,19:03:00,combo,sshd(pam_unix)[19088],unauthorized,60.30.224.116
2010-06-30,19:03:00,combo,sshd(pam_unix)[19094],unauthorized,60.30.224.116
2010-06-30,19:03:00,combo,sshd(pam_unix)[19087],unauthorized,60.30.224.116
2010-06-30,19:03:01,combo,sshd(pam_unix)[19093],unauthorized,60.30.224.116
2010-06-30,19:03:01,combo,sshd(pam_unix)[19085],unauthorized,60.30.224.116
2010-06-30,19:03:03,combo,sshd(pam_unix)[19091],unauthorized,60.30.224.116
2010-06-30,19:03:04,combo,sshd(pam_unix)[19099],unauthorized,60.30.224.116
2010-06-30,19:03:04,combo,sshd(pam_unix)[19101],unauthorized,60.30.224.116
2010-06-30,19:03:05,combo,sshd(pam_unix)[19103],unauthorized,60.30.224.116
2010-06-30,19:03:07,combo,sshd(pam_unix)[19097],unauthorized,60.30.224.116
2010-06-30,20:16:17,combo,sshd(pam_unix)[19202],unauthorized,195.129.24.210
2010-06-30,20:16:17,combo,sshd(pam_unix)[19203],unauthorized,195.129.24.210
2010-06-30,20:16:26,combo,sshd(pam_unix)[19209],unauthorized,195.129.24.210
2010-06-30,20:16:26,combo,sshd(pam_unix)[19208],unauthorized,195.129.24.210
2010-06-30,20:16:30,combo,sshd(pam_unix)[19222],unauthorized,195.129.24.210
2010-07-01,00:21:28,combo,sshd(pam_unix)[19630],unauthorized,60.30.224.116
2010-07-01,00:21:28,combo,sshd(pam_unix)[19628],unauthorized,60.30.224.116
2010-07-01,00:21:30,combo,sshd(pam_unix)[19640],unauthorized,60.30.224.116
2010-07-01,00:21:30,combo,sshd(pam_unix)[19642],unauthorized,60.30.224.116
2010-07-01,00:21:30,combo,sshd(pam_unix)[19632],unauthorized,60.30.224.116
2010-07-01,00:21:31,combo,sshd(pam_unix)[19643],unauthorized,60.30.224.116
2010-07-01,00:21:31,combo,sshd(pam_unix)[19631],unauthorized,60.30.224.116
2010-07-01,00:21:32,combo,sshd(pam_unix)[19636],unauthorized,60.30.224.116
2010-07-01,00:21:32,combo,sshd(pam_unix)[19645],unauthorized,60.30.224.116
2010-07-01,00:21:35,combo,sshd(pam_unix)[19637],unauthorized,60.30.224.116
2010-07-01,07:57:30,combo,ftpd[21952],authorized,202.82.200.188
2010-07-01,07:57:30,combo,ftpd[21951],authorized,202.82.200.188
2010-07-01,07:57:30,combo,ftpd[21957],authorized,202.82.200.188
2010-07-01,07:57:30,combo,ftpd[21953],authorized,202.82.200.188
2010-07-01,07:57:30,combo,ftpd[21954],authorized,202.82.200.188
2010-07-01,07:57:30,combo,ftpd[21955],authorized,202.82.200.188
2010-07-01,07:57:30,combo,ftpd[21950],authorized,202.82.200.188
2010-07-01,07:57:30,combo,ftpd[21956],authorized,202.82.200.188
2010-07-01,07:57:30,combo,ftpd[21958],authorized,202.82.200.188
2010-07-01,07:57:30,combo,ftpd[21945],authorized,202.82.200.188
2010-07-01,07:57:30,combo,ftpd[21959],authorized,202.82.200.188
2010-07-01,07:57:30,combo,ftpd[21940],authorized,202.82.200.188
2010-07-01,07:57:30,combo,ftpd[21941],authorized,202.82.200.188
2010-07-01,07:57:30,combo,ftpd[21946],authorized,202.82.200.188
2010-07-01,07:57:30,combo,ftpd[21937],authorized,202.82.200.188
2010-07-01,07:57:30,combo,ftpd[21943],authorized,202.82.200.188
2010-07-01,07:57:30,combo,ftpd[21944],authorized,202.82.200.188
2010-07-01,07:57:30,combo,ftpd[21948],authorized,202.82.200.188
2010-07-01,07:57:30,combo,ftpd[21947],authorized,202.82.200.188
2010-07-01,07:57:30,combo,ftpd[21942],authorized,202.82.200.188
2010-07-01,07:57:30,combo,ftpd[21938],authorized,202.82.200.188
2010-07-01,07:57:30,combo,ftpd[21949],authorized,202.82.200.188
2010-07-01,07:57:30,combo,ftpd[21939],authorized,202.82.200.188
2010-07-01,10:56:41,combo,sshd(pam_unix)[22272],unauthorized,195.129.24.210
2010-07-01,10:56:41,combo,sshd(pam_unix)[22269],unauthorized,195.129.24.210
2010-07-01,10:56:41,combo,sshd(pam_unix)[22277],unauthorized,195.129.24.210
2010-07-01,10:56:42,combo,sshd(pam_unix)[22271],unauthorized,195.129.24.210
2010-07-01,10:56:42,combo,sshd(pam_unix)[22273],unauthorized,195.129.24.210
2010-07-01,10:56:42,combo,sshd(pam_unix)[22270],unauthorized,195.129.24.210
2010-07-01,10:56:43,combo,sshd(pam_unix)[22268],unauthorized,195.129.24.210
2010-07-01,10:56:43,combo,sshd(pam_unix)[22274],unauthorized,195.129.24.210
2010-07-01,10:56:44,combo,sshd(pam_unix)[22276],unauthorized,195.129.24.210
2010-07-01,10:56:44,combo,sshd(pam_unix)[22275],unauthorized,195.129.24.210
2010-07-02,04:15:33,combo,sshd(pam_unix)[24588],unauthorized,
2010-07-02,04:15:33,combo,sshd(pam_unix)[24587],unauthorized,
2010-07-02,04:15:33,combo,sshd(pam_unix)[24590],unauthorized,
2010-07-02,04:15:43,combo,sshd(pam_unix)[24573],unauthorized,
2010-07-02,04:15:43,combo,sshd(pam_unix)[24574],unauthorized,
2010-07-02,04:15:43,combo,sshd(pam_unix)[24576],unauthorized,
2010-07-02,04:15:43,combo,sshd(pam_unix)[24578],unauthorized,
2010-07-02,04:15:43,combo,sshd(pam_unix)[24579],unauthorized,
2010-07-02,04:15:43,combo,sshd(pam_unix)[24581],unauthorized,
2010-07-02,04:15:43,combo,sshd(pam_unix)[24583],unauthorized,
2010-07-03,10:05:25,combo,ftpd[32069],authorized,203.101.45.59
2010-07-03,10:05:25,combo,ftpd[32067],authorized,203.101.45.59
2010-07-03,10:05:25,combo,ftpd[32070],authorized,203.101.45.59
2010-07-03,10:05:25,combo,ftpd[32053],authorized,203.101.45.59
2010-07-03,10:05:25,combo,ftpd[32066],authorized,203.101.45.59
2010-07-03,10:05:25,combo,ftpd[32068],authorized,203.101.45.59
2010-07-03,10:05:25,combo,ftpd[32065],authorized,203.101.45.59
2010-07-03,10:05:25,combo,ftpd[32062],authorized,203.101.45.59
2010-07-03,10:05:25,combo,ftpd[32063],authorized,203.101.45.59
2010-07-03,10:05:25,combo,ftpd[32059],authorized,203.101.45.59
2010-07-03,10:05:25,combo,ftpd[32060],authorized,203.101.45.59
2010-07-03,10:05:25,combo,ftpd[32071],authorized,203.101.45.59
2010-07-03,10:05:25,combo,ftpd[32051],authorized,203.101.45.59
2010-07-03,10:05:25,combo,ftpd[32057],authorized,203.101.45.59
2010-07-03,10:05:25,combo,ftpd[32050],authorized,203.101.45.59
2010-07-03,10:05:25,combo,ftpd[32056],authorized,203.101.45.59
2010-07-03,10:05:25,combo,ftpd[32058],authorized,203.101.45.59
2010-07-03,10:05:25,combo,ftpd[32052],authorized,203.101.45.59
2010-07-03,10:05:25,combo,ftpd[32061],authorized,203.101.45.59
2010-07-03,10:05:25,combo,ftpd[32055],authorized,203.101.45.59
2010-07-03,10:05:25,combo,ftpd[32064],authorized,203.101.45.59
2010-07-03,10:05:25,combo,ftpd[32054],authorized,203.101.45.59
2010-07-03,10:05:25,combo,ftpd[32049],authorized,203.101.45.59
2010-07-03,23:16:09,combo,ftpd[768],authorized,62.99.164.82
2010-07-03,23:16:09,combo,ftpd[772],authorized,62.99.164.82
2010-07-03,23:16:09,combo,ftpd[769],authorized,62.99.164.82
2010-07-03,23:16:09,combo,ftpd[767],authorized,62.99.164.82
2010-07-03,23:16:09,combo,ftpd[765],authorized,62.99.164.82
2010-07-03,23:16:09,combo,ftpd[766],authorized,62.99.164.82
2010-07-03,23:16:09,combo,ftpd[770],authorized,62.99.164.82
2010-07-03,23:16:09,combo,ftpd[764],authorized,62.99.164.82
2010-07-03,23:16:09,combo,ftpd[757],authorized,62.99.164.82
2010-07-03,23:16:09,combo,ftpd[763],authorized,62.99.164.82
2010-07-03,23:16:09,combo,ftpd[758],authorized,62.99.164.82
2010-07-03,23:16:09,combo,ftpd[761],authorized,62.99.164.82
2010-07-03,23:16:09,combo,ftpd[762],authorized,62.99.164.82
2010-07-03,23:16:09,combo,ftpd[759],authorized,62.99.164.82
2010-07-03,23:16:09,combo,ftpd[756],authorized,62.99.164.82
2010-07-03,23:16:09,combo,ftpd[773],authorized,62.99.164.82
2010-07-03,23:16:09,combo,ftpd[760],authorized,62.99.164.82
2010-07-03,23:16:09,combo,ftpd[774],authorized,62.99.164.82
2010-07-03,23:16:09,combo,ftpd[775],authorized,62.99.164.82
2010-07-03,23:16:09,combo,ftpd[771],authorized,62.99.164.82
2010-07-03,23:16:09,combo,ftpd[776],authorized,62.99.164.82
2010-07-03,23:16:09,combo,ftpd[777],authorized,62.99.164.82
2010-07-03,23:16:09,combo,ftpd[778],authorized,62.99.164.82
2010-07-04,09:33:09,combo,sshd(pam_unix)[2543],unauthorized,210.76.59.29
2010-07-04,09:33:10,combo,sshd(pam_unix)[2544],unauthorized,210.76.59.29
2010-07-04,09:33:14,combo,sshd(pam_unix)[2547],unauthorized,210.76.59.29
2010-07-04,12:52:44,combo,ftpd[2839],authorized,63.197.98.106
2010-07-04,12:52:44,combo,ftpd[2838],authorized,63.197.98.106
2010-07-04,12:52:44,combo,ftpd[2841],authorized,63.197.98.106
2010-07-04,12:52:44,combo,ftpd[2840],authorized,63.197.98.106
2010-07-04,12:52:44,combo,ftpd[2831],authorized,63.197.98.106
2010-07-04,12:52:44,combo,ftpd[2829],authorized,63.197.98.106
2010-07-04,12:52:44,combo,ftpd[2835],authorized,63.197.98.106
2010-07-04,12:52:44,combo,ftpd[2828],authorized,63.197.98.106
2010-07-04,12:52:44,combo,ftpd[2832],authorized,63.197.98.106
2010-07-04,12:52:44,combo,ftpd[2830],authorized,63.197.98.106
2010-07-04,12:52:44,combo,ftpd[2837],authorized,63.197.98.106
2010-07-04,12:52:44,combo,ftpd[2833],authorized,63.197.98.106
2010-07-04,12:52:44,combo,ftpd[2834],authorized,63.197.98.106
2010-07-04,12:52:44,combo,ftpd[2836],authorized,63.197.98.106
2010-07-04,12:52:44,combo,ftpd[2824],authorized,63.197.98.106
2010-07-04,12:52:44,combo,ftpd[2822],authorized,63.197.98.106
2010-07-04,12:52:44,combo,ftpd[2821],authorized,63.197.98.106
2010-07-04,12:52:44,combo,ftpd[2827],authorized,63.197.98.106
2010-07-04,12:52:44,combo,ftpd[2823],authorized,63.197.98.106
2010-07-04,12:52:44,combo,ftpd[2825],authorized,63.197.98.106
2010-07-04,12:52:44,combo,ftpd[2842],authorized,63.197.98.106
2010-07-04,12:52:44,combo,ftpd[2826],authorized,63.197.98.106
2010-07-04,12:52:44,combo,ftpd[2843],authorized,63.197.98.106
2010-07-04,19:15:48,combo,sshd(pam_unix)[3378],unauthorized,220.117.241.87
2010-07-04,19:15:48,combo,sshd(pam_unix)[3380],unauthorized,220.117.241.87
2010-07-04,19:15:49,combo,sshd(pam_unix)[3382],unauthorized,220.117.241.87
2010-07-04,19:15:51,combo,sshd(pam_unix)[3384],unauthorized,220.117.241.87
2010-07-04,19:15:51,combo,sshd(pam_unix)[3386],unauthorized,220.117.241.87
2010-07-04,19:15:52,combo,sshd(pam_unix)[3388],unauthorized,220.117.241.87
2010-07-04,19:15:54,combo,sshd(pam_unix)[3390],unauthorized,220.117.241.87
2010-07-04,19:15:54,combo,sshd(pam_unix)[3391],unauthorized,220.117.241.87
2010-07-04,19:15:57,combo,sshd(pam_unix)[3394],unauthorized,220.117.241.87
2010-07-04,19:15:59,combo,sshd(pam_unix)[3396],unauthorized,220.117.241.87
2010-07-04,19:16:00,combo,sshd(pam_unix)[3399],unauthorized,220.117.241.87
2010-07-04,19:16:00,combo,sshd(pam_unix)[3398],unauthorized,220.117.241.87
2010-07-04,19:16:01,combo,sshd(pam_unix)[3402],unauthorized,220.117.241.87
2010-07-05,13:36:28,combo,sshd(pam_unix)[6552],unauthorized,210.229.150.228
2010-07-05,13:36:28,combo,sshd(pam_unix)[6554],unauthorized,210.229.150.228
2010-07-05,13:36:33,combo,sshd(pam_unix)[6556],unauthorized,210.229.150.228
2010-07-05,13:36:36,combo,sshd(pam_unix)[6558],unauthorized,210.229.150.228
2010-07-05,13:36:37,combo,sshd(pam_unix)[6560],unauthorized,210.229.150.228
2010-07-05,13:52:21,combo,ftpd[6590],authorized,211.72.2.106
2010-07-05,13:52:21,combo,ftpd[6582],authorized,211.72.2.106
2010-07-05,13:52:21,combo,ftpd[6580],authorized,211.72.2.106
2010-07-05,13:52:21,combo,ftpd[6589],authorized,211.72.2.106
2010-07-05,13:52:21,combo,ftpd[6586],authorized,211.72.2.106
2010-07-05,13:52:21,combo,ftpd[6591],authorized,211.72.2.106
2010-07-05,13:52:21,combo,ftpd[6587],authorized,211.72.2.106
2010-07-05,13:52:21,combo,ftpd[6583],authorized,211.72.2.106
2010-07-05,13:52:21,combo,ftpd[6588],authorized,211.72.2.106
2010-07-05,13:52:21,combo,ftpd[6581],authorized,211.72.2.106
2010-07-05,13:52:21,combo,ftpd[6585],authorized,211.72.2.106
2010-07-05,13:52:21,combo,ftpd[6592],authorized,211.72.2.106
2010-07-05,13:52:21,combo,ftpd[6584],authorized,211.72.2.106
2010-07-05,13:52:23,combo,ftpd[6593],authorized,211.72.2.106
2010-07-05,13:52:23,combo,ftpd[6595],authorized,211.72.2.106
2010-07-05,13:52:23,combo,ftpd[6594],authorized,211.72.2.106
2010-07-05,13:52:23,combo,ftpd[6596],authorized,211.72.2.106
2010-07-05,13:52:23,combo,ftpd[6597],authorized,211.72.2.106
2010-07-05,13:52:23,combo,ftpd[6598],authorized,211.72.2.106
2010-07-05,13:52:23,combo,ftpd[6600],authorized,211.72.2.106
2010-07-05,13:52:23,combo,ftpd[6601],authorized,211.72.2.106
2010-07-05,13:52:23,combo,ftpd[6602],authorized,211.72.2.106
2010-07-05,13:52:23,combo,ftpd[6599],authorized,211.72.2.106
2010-07-06,02:22:31,combo,sshd(pam_unix)[7694],unauthorized,218.16.122.48
2010-07-06,02:22:32,combo,sshd(pam_unix)[7702],unauthorized,218.16.122.48
2010-07-06,02:22:32,combo,sshd(pam_unix)[7697],unauthorized,218.16.122.48
2010-07-06,02:22:32,combo,sshd(pam_unix)[7696],unauthorized,218.16.122.48
2010-07-06,02:22:33,combo,sshd(pam_unix)[7704],unauthorized,218.16.122.48
2010-07-06,18:00:56,combo,ftpd[9772],authorized,211.72.151.162
2010-07-06,18:00:56,combo,ftpd[9773],authorized,211.72.151.162
2010-07-06,18:00:56,combo,ftpd[9777],authorized,211.72.151.162
2010-07-06,18:00:56,combo,ftpd[9774],authorized,211.72.151.162
2010-07-06,18:00:56,combo,ftpd[9775],authorized,211.72.151.162
2010-07-06,18:00:56,combo,ftpd[9769],authorized,211.72.151.162
2010-07-06,18:00:56,combo,ftpd[9776],authorized,211.72.151.162
2010-07-06,18:00:56,combo,ftpd[9771],authorized,211.72.151.162
2010-07-06,18:00:56,combo,ftpd[9770],authorized,211.72.151.162
2010-07-06,18:00:56,combo,ftpd[9765],authorized,211.72.151.162
2010-07-06,18:00:56,combo,ftpd[9764],authorized,211.72.151.162
2010-07-06,18:00:56,combo,ftpd[9757],authorized,211.72.151.162
2010-07-06,18:00:56,combo,ftpd[9766],authorized,211.72.151.162
2010-07-06,18:00:56,combo,ftpd[9758],authorized,211.72.151.162
2010-07-06,18:00:56,combo,ftpd[9759],authorized,211.72.151.162
2010-07-06,18:00:56,combo,ftpd[9760],authorized,211.72.151.162
2010-07-06,18:00:56,combo,ftpd[9761],authorized,211.72.151.162
2010-07-06,18:00:56,combo,ftpd[9762],authorized,211.72.151.162
2010-07-06,18:00:56,combo,ftpd[9767],authorized,211.72.151.162
2010-07-06,18:00:56,combo,ftpd[9763],authorized,211.72.151.162
2010-07-06,18:00:56,combo,ftpd[9768],authorized,211.72.151.162
2010-07-06,18:00:57,combo,ftpd[9778],authorized,211.72.151.162
2010-07-06,18:00:57,combo,ftpd[9779],authorized,211.72.151.162
2010-07-07,14:18:55,combo,sshd(pam_unix)[13317],unauthorized,
2010-07-07,14:18:57,combo,sshd(pam_unix)[13321],unauthorized,
2010-07-07,14:18:58,combo,sshd(pam_unix)[13318],unauthorized,
2010-07-07,14:18:59,combo,sshd(pam_unix)[13323],unauthorized,
2010-07-07,16:33:52,combo,ftpd[13521],authorized,202.82.200.188
2010-07-07,16:33:52,combo,ftpd[13513],authorized,202.82.200.188
2010-07-07,16:33:52,combo,ftpd[13511],authorized,202.82.200.188
2010-07-07,16:33:52,combo,ftpd[13512],authorized,202.82.200.188
2010-07-07,16:33:52,combo,ftpd[13516],authorized,202.82.200.188
2010-07-07,16:33:52,combo,ftpd[13515],authorized,202.82.200.188
2010-07-07,16:33:52,combo,ftpd[13518],authorized,202.82.200.188
2010-07-07,16:33:52,combo,ftpd[13522],authorized,202.82.200.188
2010-07-07,16:33:52,combo,ftpd[13517],authorized,202.82.200.188
2010-07-07,16:33:52,combo,ftpd[13520],authorized,202.82.200.188
2010-07-07,16:33:52,combo,ftpd[13519],authorized,202.82.200.188
2010-07-07,16:33:52,combo,ftpd[13514],authorized,202.82.200.188
2010-07-07,23:09:45,combo,ftpd[14105],authorized,221.4.102.93
2010-07-07,23:09:45,combo,ftpd[14106],authorized,221.4.102.93
2010-07-07,23:09:45,combo,ftpd[14103],authorized,221.4.102.93
2010-07-07,23:09:45,combo,ftpd[14107],authorized,221.4.102.93
2010-07-07,23:09:45,combo,ftpd[14104],authorized,221.4.102.93
2010-07-07,23:09:45,combo,ftpd[14108],authorized,221.4.102.93
2010-07-07,23:09:45,combo,ftpd[14109],authorized,221.4.102.93
2010-07-07,23:09:45,combo,ftpd[14110],authorized,221.4.102.93
2010-07-07,23:09:45,combo,ftpd[14111],authorized,221.4.102.93
2010-07-07,23:09:45,combo,ftpd[14112],authorized,221.4.102.93
2010-07-07,23:09:45,combo,ftpd[14113],authorized,221.4.102.93
2010-07-07,23:09:45,combo,ftpd[14114],authorized,221.4.102.93
2010-07-07,23:09:45,combo,ftpd[14115],authorized,221.4.102.93
2010-07-07,23:09:45,combo,ftpd[14116],authorized,221.4.102.93
2010-07-07,23:09:45,combo,ftpd[14118],authorized,221.4.102.93
2010-07-07,23:09:45,combo,ftpd[14119],authorized,221.4.102.93
2010-07-07,23:09:45,combo,ftpd[14117],authorized,221.4.102.93
2010-07-07,23:09:47,combo,ftpd[14120],authorized,221.4.102.93
2010-07-07,23:09:50,combo,ftpd[14121],authorized,221.4.102.93
2010-07-08,20:14:55,combo,sshd(pam_unix)[20963],unauthorized,212.0.132.20
2010-07-08,20:14:56,combo,sshd(pam_unix)[20969],unauthorized,212.0.132.20
2010-07-08,20:14:56,combo,sshd(pam_unix)[20968],unauthorized,212.0.132.20
2010-07-08,20:14:56,combo,sshd(pam_unix)[20964],unauthorized,212.0.132.20
2010-07-09,11:35:59,combo,ftpd[23028],authorized,211.57.88.250
2010-07-09,11:35:59,combo,ftpd[23027],authorized,211.57.88.250
2010-07-09,11:35:59,combo,ftpd[23026],authorized,211.57.88.250
2010-07-09,11:35:59,combo,ftpd[23032],authorized,211.57.88.250
2010-07-09,11:35:59,combo,ftpd[23030],authorized,211.57.88.250
2010-07-09,11:35:59,combo,ftpd[23031],authorized,211.57.88.250
2010-07-09,11:35:59,combo,ftpd[23035],authorized,211.57.88.250
2010-07-09,11:35:59,combo,ftpd[23038],authorized,211.57.88.250
2010-07-09,11:35:59,combo,ftpd[23037],authorized,211.57.88.250
2010-07-09,11:35:59,combo,ftpd[23029],authorized,211.57.88.250
2010-07-09,11:35:59,combo,ftpd[23036],authorized,211.57.88.250
2010-07-09,11:35:59,combo,ftpd[23046],authorized,211.57.88.250
2010-07-09,11:35:59,combo,ftpd[23048],authorized,211.57.88.250
2010-07-09,11:35:59,combo,ftpd[23045],authorized,211.57.88.250
2010-07-09,11:35:59,combo,ftpd[23043],authorized,211.57.88.250
2010-07-09,11:35:59,combo,ftpd[23040],authorized,211.57.88.250
2010-07-09,11:35:59,combo,ftpd[23044],authorized,211.57.88.250
2010-07-09,11:35:59,combo,ftpd[23039],authorized,211.57.88.250
2010-07-09,11:35:59,combo,ftpd[23041],authorized,211.57.88.250
2010-07-09,11:35:59,combo,ftpd[23047],authorized,211.57.88.250
2010-07-09,11:35:59,combo,ftpd[23033],authorized,211.57.88.250
2010-07-09,11:35:59,combo,ftpd[23042],authorized,211.57.88.250
2010-07-09,11:35:59,combo,ftpd[23034],authorized,211.57.88.250
2010-07-09,12:16:49,combo,ftpd[23140],authorized,211.167.68.59
2010-07-09,12:16:49,combo,ftpd[23143],authorized,211.167.68.59
2010-07-09,12:16:49,combo,ftpd[23142],authorized,211.167.68.59
2010-07-09,12:16:49,combo,ftpd[23141],authorized,211.167.68.59
2010-07-09,12:16:49,combo,ftpd[23144],authorized,211.167.68.59
2010-07-09,12:16:49,combo,ftpd[23145],authorized,211.167.68.59
2010-07-09,12:16:49,combo,ftpd[23146],authorized,211.167.68.59
2010-07-09,12:16:49,combo,ftpd[23148],authorized,211.167.68.59
2010-07-09,12:16:49,combo,ftpd[23149],authorized,211.167.68.59
2010-07-09,12:16:49,combo,ftpd[23150],authorized,211.167.68.59
2010-07-09,12:16:49,combo,ftpd[23147],authorized,211.167.68.59
2010-07-09,12:16:51,combo,ftpd[23151],authorized,211.167.68.59
2010-07-09,12:16:51,combo,ftpd[23152],authorized,211.167.68.59
2010-07-09,12:16:51,combo,ftpd[23153],authorized,211.167.68.59
2010-07-09,12:16:51,combo,ftpd[23155],authorized,211.167.68.59
2010-07-09,12:16:51,combo,ftpd[23154],authorized,211.167.68.59
2010-07-09,12:16:52,combo,ftpd[23156],authorized,211.167.68.59
2010-07-09,12:16:52,combo,ftpd[23157],authorized,211.167.68.59
2010-07-09,12:59:44,combo,ftpd[23204],authorized,81.171.220.226
2010-07-09,12:59:44,combo,ftpd[23216],authorized,81.171.220.226
2010-07-09,12:59:44,combo,ftpd[23215],authorized,81.171.220.226
2010-07-09,12:59:44,combo,ftpd[23205],authorized,81.171.220.226
2010-07-09,12:59:44,combo,ftpd[23217],authorized,81.171.220.226
2010-07-09,12:59:44,combo,ftpd[23206],authorized,81.171.220.226
2010-07-09,12:59:44,combo,ftpd[23207],authorized,81.171.220.226
2010-07-09,12:59:44,combo,ftpd[23208],authorized,81.171.220.226
2010-07-09,12:59:44,combo,ftpd[23209],authorized,81.171.220.226
2010-07-09,12:59:44,combo,ftpd[23219],authorized,81.171.220.226
2010-07-09,12:59:44,combo,ftpd[23210],authorized,81.171.220.226
2010-07-09,12:59:44,combo,ftpd[23218],authorized,81.171.220.226
2010-07-09,12:59:44,combo,ftpd[23213],authorized,81.171.220.226
2010-07-09,12:59:44,combo,ftpd[23212],authorized,81.171.220.226
2010-07-09,12:59:44,combo,ftpd[23211],authorized,81.171.220.226
2010-07-09,12:59:44,combo,ftpd[23220],authorized,81.171.220.226
2010-07-09,12:59:44,combo,ftpd[23214],authorized,81.171.220.226
2010-07-09,12:59:44,combo,ftpd[23221],authorized,81.171.220.226
2010-07-09,12:59:45,combo,ftpd[23222],authorized,81.171.220.226
2010-07-09,12:59:45,combo,ftpd[23223],authorized,81.171.220.226
2010-07-09,12:59:45,combo,ftpd[23224],authorized,81.171.220.226
2010-07-09,12:59:45,combo,ftpd[23225],authorized,81.171.220.226
2010-07-09,12:59:45,combo,ftpd[23226],authorized,81.171.220.226
2010-07-09,19:34:06,combo,sshd(pam_unix)[23780],unauthorized,
2010-07-09,19:34:06,combo,sshd(pam_unix)[23781],unauthorized,
2010-07-09,19:34:06,combo,sshd(pam_unix)[23784],unauthorized,
2010-07-09,19:34:07,combo,sshd(pam_unix)[23786],unauthorized,
2010-07-09,19:34:09,combo,sshd(pam_unix)[23788],unauthorized,
2010-07-09,19:34:09,combo,sshd(pam_unix)[23790],unauthorized,
2010-07-09,19:34:10,combo,sshd(pam_unix)[23792],unauthorized,
2010-07-09,19:34:12,combo,sshd(pam_unix)[23794],unauthorized,
2010-07-09,19:34:13,combo,sshd(pam_unix)[23796],unauthorized,
2010-07-09,19:34:14,combo,sshd(pam_unix)[23798],unauthorized,
2010-07-09,22:53:19,combo,ftpd[24085],authorized,206.196.21.129
2010-07-09,22:53:19,combo,ftpd[24088],authorized,206.196.21.129
2010-07-09,22:53:19,combo,ftpd[24087],authorized,206.196.21.129
2010-07-09,22:53:19,combo,ftpd[24089],authorized,206.196.21.129
2010-07-09,22:53:19,combo,ftpd[24090],authorized,206.196.21.129
2010-07-09,22:53:19,combo,ftpd[24091],authorized,206.196.21.129
2010-07-09,22:53:22,combo,ftpd[24081],authorized,206.196.21.129
2010-07-09,22:53:22,combo,ftpd[24071],authorized,206.196.21.129
2010-07-09,22:53:22,combo,ftpd[24077],authorized,206.196.21.129
2010-07-09,22:53:22,combo,ftpd[24086],authorized,206.196.21.129
2010-07-09,22:53:22,combo,ftpd[24069],authorized,206.196.21.129
2010-07-09,22:53:22,combo,ftpd[24074],authorized,206.196.21.129
2010-07-09,22:53:22,combo,ftpd[24079],authorized,206.196.21.129
2010-07-09,22:53:22,combo,ftpd[24072],authorized,206.196.21.129
2010-07-09,22:53:22,combo,ftpd[24076],authorized,206.196.21.129
2010-07-09,22:53:22,combo,ftpd[24075],authorized,206.196.21.129
2010-07-09,22:53:22,combo,ftpd[24078],authorized,206.196.21.129
2010-07-09,22:53:22,combo,ftpd[24080],authorized,206.196.21.129
2010-07-09,22:53:22,combo,ftpd[24084],authorized,206.196.21.129
2010-07-09,22:53:22,combo,ftpd[24070],authorized,206.196.21.129
2010-07-09,22:53:22,combo,ftpd[24083],authorized,206.196.21.129
2010-07-09,22:53:22,combo,ftpd[24082],authorized,206.196.21.129
2010-07-09,22:53:22,combo,ftpd[24073],authorized,206.196.21.129
2010-07-10,03:55:15,combo,ftpd[24513],authorized,217.187.83.139
2010-07-10,03:55:15,combo,ftpd[24512],authorized,217.187.83.139
2010-07-10,03:55:15,combo,ftpd[24519],authorized,217.187.83.139
2010-07-10,03:55:15,combo,ftpd[24514],authorized,217.187.83.139
2010-07-10,03:55:15,combo,ftpd[24515],authorized,217.187.83.139
2010-07-10,03:55:15,combo,ftpd[24516],authorized,217.187.83.139
2010-07-10,03:55:15,combo,ftpd[24517],authorized,217.187.83.139
2010-07-10,03:55:15,combo,ftpd[24521],authorized,217.187.83.139
2010-07-10,03:55:15,combo,ftpd[24520],authorized,217.187.83.139
2010-07-10,03:55:15,combo,ftpd[24522],authorized,217.187.83.139
2010-07-10,03:55:15,combo,ftpd[24518],authorized,217.187.83.139
2010-07-10,03:55:15,combo,ftpd[24523],authorized,217.187.83.139
2010-07-10,03:55:15,combo,ftpd[24524],authorized,217.187.83.139
2010-07-10,03:55:15,combo,ftpd[24525],authorized,217.187.83.139
2010-07-10,03:55:15,combo,ftpd[24526],authorized,217.187.83.139
2010-07-10,03:55:15,combo,ftpd[24527],authorized,217.187.83.139
2010-07-10,03:55:15,combo,ftpd[24528],authorized,217.187.83.139
2010-07-10,03:55:15,combo,ftpd[24529],authorized,217.187.83.139
2010-07-10,03:55:15,combo,ftpd[24530],authorized,217.187.83.139
2010-07-10,03:55:15,combo,ftpd[24531],authorized,217.187.83.139
2010-07-10,03:55:15,combo,ftpd[24532],authorized,217.187.83.139
2010-07-10,03:55:15,combo,ftpd[24533],authorized,217.187.83.139
2010-07-10,03:55:15,combo,ftpd[24534],authorized,217.187.83.139
2010-07-10,07:24:24,combo,ftpd[29726],authorized,82.83.227.67
2010-07-10,07:24:24,combo,ftpd[29725],authorized,82.83.227.67
2010-07-10,07:24:24,combo,ftpd[29719],authorized,82.83.227.67
2010-07-10,07:24:24,combo,ftpd[29723],authorized,82.83.227.67
2010-07-10,07:24:24,combo,ftpd[29720],authorized,82.83.227.67
2010-07-10,07:24:24,combo,ftpd[29717],authorized,82.83.227.67
2010-07-10,07:24:24,combo,ftpd[29718],authorized,82.83.227.67
2010-07-10,07:24:24,combo,ftpd[29724],authorized,82.83.227.67
2010-07-10,07:24:24,combo,ftpd[29722],authorized,82.83.227.67
2010-07-10,07:24:24,combo,ftpd[29727],authorized,82.83.227.67
2010-07-10,07:24:24,combo,ftpd[29721],authorized,82.83.227.67
2010-07-10,07:24:34,combo,ftpd[29728],authorized,82.83.227.67
2010-07-10,07:24:34,combo,ftpd[29730],authorized,82.83.227.67
2010-07-10,07:24:34,combo,ftpd[29731],authorized,82.83.227.67
2010-07-10,07:24:34,combo,ftpd[29732],authorized,82.83.227.67
2010-07-10,07:24:34,combo,ftpd[29729],authorized,82.83.227.67
2010-07-10,07:24:34,combo,ftpd[29733],authorized,82.83.227.67
2010-07-10,07:24:34,combo,ftpd[29734],authorized,82.83.227.67
2010-07-10,07:24:34,combo,ftpd[29737],authorized,82.83.227.67
2010-07-10,07:24:34,combo,ftpd[29738],authorized,82.83.227.67
2010-07-10,07:24:34,combo,ftpd[29739],authorized,82.83.227.67
2010-07-10,07:24:34,combo,ftpd[29735],authorized,82.83.227.67
2010-07-10,07:24:34,combo,ftpd[29736],authorized,82.83.227.67
2010-07-10,13:17:22,combo,ftpd[30278],authorized,220.94.205.45
2010-07-10,13:17:22,combo,ftpd[30276],authorized,220.94.205.45
2010-07-10,13:17:22,combo,ftpd[30277],authorized,220.94.205.45
2010-07-10,13:17:22,combo,ftpd[30292],authorized,220.94.205.45
2010-07-10,13:17:22,combo,ftpd[30293],authorized,220.94.205.45
2010-07-10,13:17:22,combo,ftpd[30279],authorized,220.94.205.45
2010-07-10,13:17:22,combo,ftpd[30280],authorized,220.94.205.45
2010-07-10,13:17:22,combo,ftpd[30295],authorized,220.94.205.45
2010-07-10,13:17:22,combo,ftpd[30281],authorized,220.94.205.45
2010-07-10,13:17:22,combo,ftpd[30282],authorized,220.94.205.45
2010-07-10,13:17:22,combo,ftpd[30288],authorized,220.94.205.45
2010-07-10,13:17:22,combo,ftpd[30284],authorized,220.94.205.45
2010-07-10,13:17:22,combo,ftpd[30290],authorized,220.94.205.45
2010-07-10,13:17:22,combo,ftpd[30294],authorized,220.94.205.45
2010-07-10,13:17:22,combo,ftpd[30296],authorized,220.94.205.45
2010-07-10,13:17:22,combo,ftpd[30283],authorized,220.94.205.45
2010-07-10,13:17:22,combo,ftpd[30285],authorized,220.94.205.45
2010-07-10,13:17:22,combo,ftpd[30289],authorized,220.94.205.45
2010-07-10,13:17:22,combo,ftpd[30286],authorized,220.94.205.45
2010-07-10,13:17:22,combo,ftpd[30297],authorized,220.94.205.45
2010-07-10,13:17:22,combo,ftpd[30287],authorized,220.94.205.45
2010-07-10,13:17:22,combo,ftpd[30298],authorized,220.94.205.45
2010-07-10,13:17:22,combo,ftpd[30291],authorized,220.94.205.45
2010-07-10,16:01:43,combo,sshd(pam_unix)[30530],unauthorized,150.183.249.110
2010-07-10,16:01:44,combo,sshd(pam_unix)[30532],unauthorized,150.183.249.110
2010-07-10,16:01:45,combo,sshd(pam_unix)[30534],unauthorized,150.183.249.110
2010-07-10,16:01:45,combo,sshd(pam_unix)[30535],unauthorized,150.183.249.110
2010-07-10,16:01:46,combo,sshd(pam_unix)[30536],unauthorized,150.183.249.110
2010-07-10,16:01:47,combo,sshd(pam_unix)[30540],unauthorized,150.183.249.110
2010-07-10,16:01:48,combo,sshd(pam_unix)[30542],unauthorized,150.183.249.110
2010-07-10,16:01:48,combo,sshd(pam_unix)[30544],unauthorized,150.183.249.110
2010-07-10,16:01:48,combo,sshd(pam_unix)[30546],unauthorized,150.183.249.110
2010-07-10,16:01:49,combo,sshd(pam_unix)[30548],unauthorized,150.183.249.110
2010-07-10,16:01:56,combo,sshd(pam_unix)[30550],unauthorized,150.183.249.110
2010-07-10,16:01:57,combo,sshd(pam_unix)[30552],unauthorized,150.183.249.110
2010-07-10,16:01:58,combo,sshd(pam_unix)[30554],unauthorized,150.183.249.110
2010-07-10,16:01:58,combo,sshd(pam_unix)[30555],unauthorized,150.183.249.110
2010-07-10,16:01:59,combo,sshd(pam_unix)[30558],unauthorized,150.183.249.110
2010-07-10,16:01:59,combo,sshd(pam_unix)[30560],unauthorized,150.183.249.110
2010-07-10,16:02:01,combo,sshd(pam_unix)[30562],unauthorized,150.183.249.110
2010-07-10,16:02:01,combo,sshd(pam_unix)[30564],unauthorized,150.183.249.110
2010-07-10,16:02:01,combo,sshd(pam_unix)[30566],unauthorized,150.183.249.110
2010-07-10,16:02:02,combo,sshd(pam_unix)[30568],unauthorized,150.183.249.110
2010-07-10,16:02:08,combo,sshd(pam_unix)[30570],unauthorized,150.183.249.110
2010-07-10,16:02:09,combo,sshd(pam_unix)[30572],unauthorized,150.183.249.110
2010-07-10,16:02:10,combo,sshd(pam_unix)[30574],unauthorized,150.183.249.110
2010-07-10,16:02:10,combo,sshd(pam_unix)[30575],unauthorized,150.183.249.110
2010-07-10,16:02:12,combo,sshd(pam_unix)[30580],unauthorized,150.183.249.110
2010-07-10,16:02:12,combo,sshd(pam_unix)[30578],unauthorized,150.183.249.110
2010-07-10,16:02:13,combo,sshd(pam_unix)[30582],unauthorized,150.183.249.110
2010-07-10,16:02:14,combo,sshd(pam_unix)[30584],unauthorized,150.183.249.110
2010-07-10,16:02:14,combo,sshd(pam_unix)[30585],unauthorized,150.183.249.110
2010-07-10,16:02:14,combo,sshd(pam_unix)[30588],unauthorized,150.183.249.110
2010-07-10,16:02:21,combo,sshd(pam_unix)[30590],unauthorized,150.183.249.110
2010-07-10,16:02:21,combo,sshd(pam_unix)[30592],unauthorized,150.183.249.110
2010-07-10,16:02:23,combo,sshd(pam_unix)[30595],unauthorized,150.183.249.110
2010-07-10,16:02:23,combo,sshd(pam_unix)[30594],unauthorized,150.183.249.110
2010-07-10,16:02:24,combo,sshd(pam_unix)[30598],unauthorized,150.183.249.110
2010-07-10,16:02:25,combo,sshd(pam_unix)[30599],unauthorized,150.183.249.110
2010-07-10,16:02:26,combo,sshd(pam_unix)[30602],unauthorized,150.183.249.110
2010-07-10,16:02:27,combo,sshd(pam_unix)[30604],unauthorized,150.183.249.110
2010-07-10,16:02:27,combo,sshd(pam_unix)[30605],unauthorized,150.183.249.110
2010-07-10,16:02:27,combo,sshd(pam_unix)[30607],unauthorized,150.183.249.110
2010-07-10,16:02:33,combo,sshd(pam_unix)[30610],unauthorized,150.183.249.110
2010-07-10,16:02:34,combo,sshd(pam_unix)[30612],unauthorized,150.183.249.110
2010-07-10,16:02:35,combo,sshd(pam_unix)[30614],unauthorized,150.183.249.110
2010-07-10,16:02:35,combo,sshd(pam_unix)[30615],unauthorized,150.183.249.110
2010-07-10,16:02:36,combo,sshd(pam_unix)[30618],unauthorized,150.183.249.110
2010-07-10,16:02:37,combo,sshd(pam_unix)[30620],unauthorized,150.183.249.110
2010-07-10,16:02:39,combo,sshd(pam_unix)[30622],unauthorized,150.183.249.110
2010-07-10,16:02:39,combo,sshd(pam_unix)[30624],unauthorized,150.183.249.110
2010-07-10,16:02:40,combo,sshd(pam_unix)[30625],unauthorized,150.183.249.110
2010-07-10,16:02:40,combo,sshd(pam_unix)[30628],unauthorized,150.183.249.110
2010-07-10,16:02:45,combo,sshd(pam_unix)[30630],unauthorized,150.183.249.110
2010-07-10,16:02:46,combo,sshd(pam_unix)[30632],unauthorized,150.183.249.110
2010-07-10,16:02:47,combo,sshd(pam_unix)[30634],unauthorized,150.183.249.110
2010-07-10,16:02:47,combo,sshd(pam_unix)[30635],unauthorized,150.183.249.110
2010-07-10,16:02:49,combo,sshd(pam_unix)[30638],unauthorized,150.183.249.110
2010-07-10,16:02:50,combo,sshd(pam_unix)[30640],unauthorized,150.183.249.110
2010-07-10,16:02:52,combo,sshd(pam_unix)[30642],unauthorized,150.183.249.110
2010-07-10,16:02:52,combo,sshd(pam_unix)[30644],unauthorized,150.183.249.110
2010-07-10,16:02:52,combo,sshd(pam_unix)[30645],unauthorized,150.183.249.110
2010-07-10,16:02:53,combo,sshd(pam_unix)[30647],unauthorized,150.183.249.110
2010-07-10,16:02:57,combo,sshd(pam_unix)[30650],unauthorized,150.183.249.110
2010-07-10,16:02:58,combo,sshd(pam_unix)[30652],unauthorized,150.183.249.110
2010-07-10,16:03:00,combo,sshd(pam_unix)[30654],unauthorized,150.183.249.110
2010-07-10,16:03:00,combo,sshd(pam_unix)[30655],unauthorized,150.183.249.110
2010-07-10,16:03:01,combo,sshd(pam_unix)[30658],unauthorized,150.183.249.110
2010-07-10,16:03:03,combo,sshd(pam_unix)[30660],unauthorized,150.183.249.110
2010-07-10,16:03:05,combo,sshd(pam_unix)[30662],unauthorized,150.183.249.110
2010-07-10,16:03:05,combo,sshd(pam_unix)[30665],unauthorized,150.183.249.110
2010-07-10,16:03:05,combo,sshd(pam_unix)[30664],unauthorized,150.183.249.110
2010-07-10,16:03:05,combo,sshd(pam_unix)[30666],unauthorized,150.183.249.110
2010-07-10,16:03:10,combo,sshd(pam_unix)[30670],unauthorized,150.183.249.110
2010-07-10,16:03:11,combo,sshd(pam_unix)[30672],unauthorized,150.183.249.110
2010-07-10,16:03:12,combo,sshd(pam_unix)[30675],unauthorized,150.183.249.110
2010-07-10,16:03:12,combo,sshd(pam_unix)[30674],unauthorized,150.183.249.110
2010-07-10,16:03:13,combo,sshd(pam_unix)[30678],unauthorized,150.183.249.110
2010-07-10,16:03:16,combo,sshd(pam_unix)[30680],unauthorized,150.183.249.110
2010-07-10,16:03:18,combo,sshd(pam_unix)[30682],unauthorized,150.183.249.110
2010-07-10,16:03:18,combo,sshd(pam_unix)[30684],unauthorized,150.183.249.110
2010-07-10,16:03:18,combo,sshd(pam_unix)[30685],unauthorized,150.183.249.110
2010-07-10,16:03:18,combo,sshd(pam_unix)[30686],unauthorized,150.183.249.110
2010-07-10,16:33:01,combo,sshd(pam_unix)[30725],unauthorized,211.214.161.141
2010-07-10,16:33:01,combo,sshd(pam_unix)[30729],unauthorized,211.214.161.141
2010-07-10,16:33:02,combo,sshd(pam_unix)[30731],unauthorized,211.214.161.141
2010-07-10,16:33:02,combo,sshd(pam_unix)[30732],unauthorized,211.214.161.141
2010-07-10,16:33:02,combo,sshd(pam_unix)[30734],unauthorized,211.214.161.141
2010-07-10,16:33:03,combo,sshd(pam_unix)[30739],unauthorized,211.214.161.141
2010-07-10,16:33:03,combo,sshd(pam_unix)[30737],unauthorized,211.214.161.141
2010-07-10,16:33:04,combo,sshd(pam_unix)[30740],unauthorized,211.214.161.141
2010-07-10,16:33:05,combo,sshd(pam_unix)[30743],unauthorized,211.214.161.141
2010-07-10,16:33:05,combo,sshd(pam_unix)[30726],unauthorized,211.214.161.141
2010-07-11,03:46:14,combo,sshd(pam_unix)[31851],unauthorized,82.77.200.128
2010-07-11,03:46:15,combo,sshd(pam_unix)[31848],unauthorized,82.77.200.128
2010-07-11,03:46:15,combo,sshd(pam_unix)[31850],unauthorized,82.77.200.128
2010-07-11,03:46:15,combo,sshd(pam_unix)[31861],unauthorized,82.77.200.128
2010-07-11,03:46:15,combo,sshd(pam_unix)[31854],unauthorized,82.77.200.128
2010-07-11,03:46:15,combo,sshd(pam_unix)[31853],unauthorized,82.77.200.128
2010-07-11,03:46:16,combo,sshd(pam_unix)[31862],unauthorized,82.77.200.128
2010-07-11,03:46:17,combo,sshd(pam_unix)[31855],unauthorized,82.77.200.128
2010-07-11,03:46:17,combo,sshd(pam_unix)[31852],unauthorized,82.77.200.128
2010-07-11,03:46:19,combo,sshd(pam_unix)[31860],unauthorized,82.77.200.128
2010-07-11,11:33:13,combo,gdm(pam_unix)[2803],unauthorized,
2010-07-11,17:58:16,combo,sshd(pam_unix)[1325],unauthorized,211.137.205.253
2010-07-11,17:58:16,combo,sshd(pam_unix)[1329],unauthorized,211.137.205.253
2010-07-11,17:58:16,combo,sshd(pam_unix)[1327],unauthorized,211.137.205.253
2010-07-11,17:58:19,combo,sshd(pam_unix)[1331],unauthorized,211.137.205.253
2010-07-11,17:58:20,combo,sshd(pam_unix)[1333],unauthorized,211.137.205.253
2010-07-11,17:58:21,combo,sshd(pam_unix)[1335],unauthorized,211.137.205.253
2010-07-11,17:58:21,combo,sshd(pam_unix)[1337],unauthorized,211.137.205.253
2010-07-11,17:58:21,combo,sshd(pam_unix)[1338],unauthorized,211.137.205.253
2010-07-11,17:58:22,combo,sshd(pam_unix)[1341],unauthorized,211.137.205.253
2010-07-11,17:58:23,combo,sshd(pam_unix)[1343],unauthorized,211.137.205.253
2010-07-12,06:09:43,combo,sshd(pam_unix)[4048],unauthorized,68.143.156.89
2010-07-12,06:09:44,combo,sshd(pam_unix)[4053],unauthorized,68.143.156.89
2010-07-12,06:09:44,combo,sshd(pam_unix)[4052],unauthorized,68.143.156.89
2010-07-12,06:09:44,combo,sshd(pam_unix)[4054],unauthorized,68.143.156.89
2010-07-12,06:09:44,combo,sshd(pam_unix)[4050],unauthorized,68.143.156.89
2010-07-12,06:09:44,combo,sshd(pam_unix)[4061],unauthorized,68.143.156.89
2010-07-12,06:09:44,combo,sshd(pam_unix)[4064],unauthorized,68.143.156.89
2010-07-12,06:09:45,combo,sshd(pam_unix)[4058],unauthorized,68.143.156.89
2010-07-12,06:09:45,combo,sshd(pam_unix)[4059],unauthorized,68.143.156.89
2010-07-12,06:09:45,combo,sshd(pam_unix)[4065],unauthorized,68.143.156.89
2010-07-14,14:59:42,combo,sshd(pam_unix)[11706],unauthorized,202.132.40.29
2010-07-14,14:59:56,combo,sshd(pam_unix)[11708],unauthorized,202.132.40.29
2010-07-14,15:00:09,combo,sshd(pam_unix)[11710],unauthorized,202.132.40.29
2010-07-14,15:00:22,combo,sshd(pam_unix)[11719],unauthorized,202.132.40.29
2010-07-14,15:00:36,combo,sshd(pam_unix)[11721],unauthorized,202.132.40.29
2010-07-14,15:00:49,combo,sshd(pam_unix)[11723],unauthorized,202.132.40.29
2010-07-14,15:01:03,combo,sshd(pam_unix)[11725],unauthorized,202.132.40.29
2010-07-14,15:01:16,combo,sshd(pam_unix)[11741],unauthorized,202.132.40.29
2010-07-15,01:03:48,combo,sshd(pam_unix)[12632],unauthorized,
2010-07-15,01:03:48,combo,sshd(pam_unix)[12628],unauthorized,
2010-07-15,01:03:48,combo,sshd(pam_unix)[12631],unauthorized,
2010-07-15,01:03:48,combo,sshd(pam_unix)[12627],unauthorized,
2010-07-15,01:03:48,combo,sshd(pam_unix)[12629],unauthorized,
2010-07-15,01:03:48,combo,sshd(pam_unix)[12630],unauthorized,
2010-07-15,01:03:49,combo,sshd(pam_unix)[12643],unauthorized,
2010-07-15,01:03:49,combo,sshd(pam_unix)[12645],unauthorized,
2010-07-15,01:03:50,combo,sshd(pam_unix)[12639],unauthorized,
2010-07-15,01:03:50,combo,sshd(pam_unix)[12640],unauthorized,
2010-07-15,23:42:43,combo,ftpd[15339],authorized,211.107.232.1
2010-07-15,23:42:43,combo,ftpd[15337],authorized,211.107.232.1
2010-07-15,23:42:43,combo,ftpd[15334],authorized,211.107.232.1
2010-07-15,23:42:43,combo,ftpd[15335],authorized,211.107.232.1
2010-07-15,23:42:43,combo,ftpd[15338],authorized,211.107.232.1
2010-07-15,23:42:43,combo,ftpd[15336],authorized,211.107.232.1
2010-07-15,23:42:43,combo,ftpd[15341],authorized,211.107.232.1
2010-07-15,23:42:43,combo,ftpd[15340],authorized,211.107.232.1
2010-07-15,23:42:43,combo,ftpd[15327],authorized,211.107.232.1
2010-07-15,23:42:43,combo,ftpd[15333],authorized,211.107.232.1
2010-07-15,23:42:43,combo,ftpd[15323],authorized,211.107.232.1
2010-07-15,23:42:43,combo,ftpd[15330],authorized,211.107.232.1
2010-07-15,23:42:43,combo,ftpd[15322],authorized,211.107.232.1
2010-07-15,23:42:43,combo,ftpd[15324],authorized,211.107.232.1
2010-07-15,23:42:43,combo,ftpd[15329],authorized,211.107.232.1
2010-07-15,23:42:43,combo,ftpd[15332],authorized,211.107.232.1
2010-07-15,23:42:43,combo,ftpd[15328],authorized,211.107.232.1
2010-07-15,23:42:43,combo,ftpd[15321],authorized,211.107.232.1
2010-07-15,23:42:43,combo,ftpd[15326],authorized,211.107.232.1
2010-07-15,23:42:43,combo,ftpd[15325],authorized,211.107.232.1
2010-07-15,23:42:43,combo,ftpd[15331],authorized,211.107.232.1
2010-07-15,23:42:44,combo,ftpd[15342],authorized,211.107.232.1
2010-07-16,08:14:04,combo,ftpd[17669],authorized,212.65.68.82
2010-07-16,08:14:04,combo,ftpd[17670],authorized,212.65.68.82
2010-07-16,08:14:04,combo,ftpd[17667],authorized,212.65.68.82
2010-07-16,08:14:07,combo,ftpd[17673],authorized,212.65.68.82
2010-07-16,08:14:07,combo,ftpd[17668],authorized,212.65.68.82
2010-07-16,08:14:07,combo,ftpd[17671],authorized,212.65.68.82
2010-07-16,08:14:07,combo,ftpd[17681],authorized,212.65.68.82
2010-07-16,08:14:07,combo,ftpd[17680],authorized,212.65.68.82
2010-07-16,08:14:07,combo,ftpd[17672],authorized,212.65.68.82
2010-07-16,08:14:07,combo,ftpd[17687],authorized,212.65.68.82
2010-07-16,08:14:07,combo,ftpd[17678],authorized,212.65.68.82
2010-07-16,08:14:07,combo,ftpd[17675],authorized,212.65.68.82
2010-07-16,08:14:07,combo,ftpd[17688],authorized,212.65.68.82
2010-07-16,08:14:07,combo,ftpd[17677],authorized,212.65.68.82
2010-07-16,08:14:07,combo,ftpd[17682],authorized,212.65.68.82
2010-07-16,08:14:07,combo,ftpd[17683],authorized,212.65.68.82
2010-07-16,08:14:07,combo,ftpd[17684],authorized,212.65.68.82
2010-07-16,08:14:07,combo,ftpd[17685],authorized,212.65.68.82
2010-07-16,08:14:07,combo,ftpd[17686],authorized,212.65.68.82
2010-07-16,08:14:07,combo,ftpd[17676],authorized,212.65.68.82
2010-07-16,08:14:07,combo,ftpd[17674],authorized,212.65.68.82
2010-07-16,08:14:07,combo,ftpd[17689],authorized,212.65.68.82
2010-07-16,08:14:07,combo,ftpd[17679],authorized,212.65.68.82
2010-07-17,04:06:32,combo,ftpd[19675],authorized,83.116.207.11
2010-07-17,04:06:32,combo,ftpd[19674],authorized,83.116.207.11
2010-07-17,06:13:37,combo,ftpd[23574],authorized,83.116.207.11
2010-07-17,06:13:37,combo,ftpd[23575],authorized,83.116.207.11
2010-07-17,06:13:37,combo,ftpd[23573],authorized,83.116.207.11
2010-07-17,06:13:37,combo,ftpd[23572],authorized,83.116.207.11
2010-07-17,06:13:37,combo,ftpd[23578],authorized,83.116.207.11
2010-07-17,06:13:37,combo,ftpd[23577],authorized,83.116.207.11
2010-07-17,06:13:37,combo,ftpd[23571],authorized,83.116.207.11
2010-07-17,06:13:37,combo,ftpd[23576],authorized,83.116.207.11
2010-07-17,06:13:37,combo,ftpd[23564],authorized,83.116.207.11
2010-07-17,06:13:37,combo,ftpd[23560],authorized,83.116.207.11
2010-07-17,06:13:37,combo,ftpd[23570],authorized,83.116.207.11
2010-07-17,06:13:37,combo,ftpd[23568],authorized,83.116.207.11
2010-07-17,06:13:37,combo,ftpd[23565],authorized,83.116.207.11
2010-07-17,06:13:37,combo,ftpd[23566],authorized,83.116.207.11
2010-07-17,06:13:38,combo,ftpd[23562],authorized,83.116.207.11
2010-07-17,06:13:38,combo,ftpd[23567],authorized,83.116.207.11
2010-07-17,06:13:38,combo,ftpd[23563],authorized,83.116.207.11
2010-07-17,06:13:38,combo,ftpd[23561],authorized,83.116.207.11
2010-07-17,06:13:38,combo,ftpd[23569],authorized,83.116.207.11
2010-07-17,06:14:36,combo,ftpd[23579],authorized,83.116.207.11
2010-07-17,06:14:36,combo,ftpd[23580],authorized,83.116.207.11
2010-07-17,06:14:36,combo,ftpd[23581],authorized,83.116.207.11
2010-07-17,06:14:36,combo,ftpd[23582],authorized,83.116.207.11
2010-07-17,06:14:36,combo,ftpd[23583],authorized,83.116.207.11
2010-07-17,06:14:36,combo,ftpd[23584],authorized,83.116.207.11
2010-07-17,06:14:36,combo,ftpd[23586],authorized,83.116.207.11
2010-07-17,06:14:36,combo,ftpd[23585],authorized,83.116.207.11
2010-07-17,06:14:36,combo,ftpd[23587],authorized,83.116.207.11
2010-07-17,06:14:36,combo,ftpd[23588],authorized,83.116.207.11
2010-07-17,06:14:36,combo,ftpd[23589],authorized,83.116.207.11
2010-07-17,08:06:12,combo,ftpd[23777],authorized,218.146.61.230
2010-07-17,08:06:12,combo,ftpd[23779],authorized,218.146.61.230
2010-07-17,08:06:12,combo,ftpd[23778],authorized,218.146.61.230
2010-07-17,08:06:12,combo,ftpd[23780],authorized,218.146.61.230
2010-07-17,08:06:12,combo,ftpd[23781],authorized,218.146.61.230
2010-07-17,08:06:12,combo,ftpd[23782],authorized,218.146.61.230
2010-07-17,08:06:12,combo,ftpd[23783],authorized,218.146.61.230
2010-07-17,08:06:12,combo,ftpd[23785],authorized,218.146.61.230
2010-07-17,08:06:12,combo,ftpd[23786],authorized,218.146.61.230
2010-07-17,08:06:12,combo,ftpd[23787],authorized,218.146.61.230
2010-07-17,08:06:12,combo,ftpd[23784],authorized,218.146.61.230
2010-07-17,08:06:12,combo,ftpd[23792],authorized,218.146.61.230
2010-07-17,08:06:12,combo,ftpd[23788],authorized,218.146.61.230
2010-07-17,08:06:12,combo,ftpd[23793],authorized,218.146.61.230
2010-07-17,08:06:12,combo,ftpd[23789],authorized,218.146.61.230
2010-07-17,08:06:12,combo,ftpd[23790],authorized,218.146.61.230
2010-07-17,08:06:12,combo,ftpd[23791],authorized,218.146.61.230
2010-07-17,08:06:12,combo,ftpd[23794],authorized,218.146.61.230
2010-07-17,08:06:12,combo,ftpd[23795],authorized,218.146.61.230
2010-07-17,08:06:12,combo,ftpd[23796],authorized,218.146.61.230
2010-07-17,08:06:12,combo,ftpd[23797],authorized,218.146.61.230
2010-07-17,08:06:12,combo,ftpd[23798],authorized,218.146.61.230
2010-07-17,08:06:14,combo,ftpd[23799],authorized,218.146.61.230
2010-07-17,09:44:07,combo,ftpd[23931],authorized,210.245.165.136
2010-07-17,09:44:07,combo,ftpd[23933],authorized,210.245.165.136
2010-07-17,09:44:07,combo,ftpd[23932],authorized,210.245.165.136
2010-07-17,09:44:07,combo,ftpd[23934],authorized,210.245.165.136
2010-07-17,09:44:07,combo,ftpd[23935],authorized,210.245.165.136
2010-07-17,09:44:07,combo,ftpd[23937],authorized,210.245.165.136
2010-07-17,09:44:07,combo,ftpd[23938],authorized,210.245.165.136
2010-07-17,09:44:07,combo,ftpd[23936],authorized,210.245.165.136
2010-07-17,09:44:07,combo,ftpd[23939],authorized,210.245.165.136
2010-07-17,10:45:07,combo,sshd(pam_unix)[24031],unauthorized,61.220.159.99
2010-07-17,10:45:07,combo,sshd(pam_unix)[24033],unauthorized,61.220.159.99
2010-07-17,10:45:07,combo,sshd(pam_unix)[24030],unauthorized,61.220.159.99
2010-07-17,12:30:35,combo,ftpd[24192],authorized,207.30.238.8
2010-07-17,12:30:37,combo,ftpd[24193],authorized,207.30.238.8
2010-07-17,12:30:42,combo,ftpd[24194],authorized,207.30.238.8
2010-07-17,12:30:43,combo,ftpd[24195],authorized,207.30.238.8
2010-07-17,12:30:43,combo,ftpd[24196],authorized,207.30.238.8
2010-07-17,12:30:46,combo,ftpd[24197],authorized,207.30.238.8
2010-07-17,12:30:47,combo,ftpd[24198],authorized,207.30.238.8
2010-07-17,12:30:48,combo,ftpd[24199],authorized,207.30.238.8
2010-07-17,12:30:48,combo,ftpd[24200],authorized,207.30.238.8
2010-07-17,12:30:51,combo,ftpd[24201],authorized,207.30.238.8
2010-07-17,12:30:53,combo,ftpd[24202],authorized,207.30.238.8
2010-07-17,12:30:53,combo,ftpd[24203],authorized,207.30.238.8
2010-07-17,12:30:54,combo,ftpd[24204],authorized,207.30.238.8
2010-07-17,12:30:57,combo,ftpd[24205],authorized,207.30.238.8
2010-07-17,12:30:57,combo,ftpd[24206],authorized,207.30.238.8
2010-07-17,12:30:58,combo,ftpd[24207],authorized,207.30.238.8
2010-07-17,12:30:58,combo,ftpd[24208],authorized,207.30.238.8
2010-07-17,12:30:58,combo,ftpd[24209],authorized,207.30.238.8
2010-07-17,12:30:59,combo,ftpd[24210],authorized,207.30.238.8
2010-07-17,12:30:59,combo,ftpd[24211],authorized,207.30.238.8
2010-07-17,12:30:59,combo,ftpd[24212],authorized,207.30.238.8
2010-07-17,12:31:00,combo,ftpd[24213],authorized,207.30.238.8
2010-07-17,12:31:04,combo,ftpd[24214],authorized,207.30.238.8
2010-07-17,14:02:39,combo,ftpd[24356],authorized,207.30.238.8
2010-07-17,14:02:43,combo,ftpd[24357],authorized,207.30.238.8
2010-07-17,14:02:43,combo,ftpd[24358],authorized,207.30.238.8
2010-07-17,14:02:44,combo,ftpd[24359],authorized,207.30.238.8
2010-07-17,14:02:47,combo,ftpd[24360],authorized,207.30.238.8
2010-07-17,14:02:48,combo,ftpd[24361],authorized,207.30.238.8
2010-07-17,14:02:49,combo,ftpd[24362],authorized,207.30.238.8
2010-07-17,14:02:49,combo,ftpd[24363],authorized,207.30.238.8
2010-07-17,14:02:49,combo,ftpd[24364],authorized,207.30.238.8
2010-07-17,14:02:49,combo,ftpd[24365],authorized,207.30.238.8
2010-07-17,14:02:54,combo,ftpd[24366],authorized,207.30.238.8
2010-07-17,14:02:54,combo,ftpd[24367],authorized,207.30.238.8
2010-07-17,14:02:54,combo,ftpd[24368],authorized,207.30.238.8
2010-07-17,14:02:55,combo,ftpd[24369],authorized,207.30.238.8
2010-07-17,14:02:57,combo,ftpd[24370],authorized,207.30.238.8
2010-07-17,14:02:59,combo,ftpd[24371],authorized,207.30.238.8
2010-07-17,14:02:59,combo,ftpd[24372],authorized,207.30.238.8
2010-07-17,14:03:00,combo,ftpd[24373],authorized,207.30.238.8
2010-07-17,14:03:00,combo,ftpd[24374],authorized,207.30.238.8
2010-07-17,14:03:00,combo,ftpd[24375],authorized,207.30.238.8
2010-07-17,14:03:04,combo,ftpd[24376],authorized,207.30.238.8
2010-07-17,14:03:04,combo,ftpd[24377],authorized,207.30.238.8
2010-07-17,14:03:05,combo,ftpd[24378],authorized,207.30.238.8
2010-07-17,15:09:15,combo,ftpd[24465],authorized,203.101.45.59
2010-07-17,15:09:15,combo,ftpd[24466],authorized,203.101.45.59
2010-07-17,15:09:15,combo,ftpd[24467],authorized,203.101.45.59
2010-07-17,15:09:15,combo,ftpd[24468],authorized,203.101.45.59
2010-07-17,15:09:15,combo,ftpd[24469],authorized,203.101.45.59
2010-07-17,15:09:15,combo,ftpd[24470],authorized,203.101.45.59
2010-07-17,15:09:15,combo,ftpd[24471],authorized,203.101.45.59
2010-07-17,15:09:15,combo,ftpd[24473],authorized,203.101.45.59
2010-07-17,15:09:15,combo,ftpd[24474],authorized,203.101.45.59
2010-07-17,15:09:15,combo,ftpd[24475],authorized,203.101.45.59
2010-07-17,15:09:15,combo,ftpd[24472],authorized,203.101.45.59
2010-07-17,15:09:15,combo,ftpd[24477],authorized,203.101.45.59
2010-07-17,15:09:15,combo,ftpd[24478],authorized,203.101.45.59
2010-07-17,15:09:15,combo,ftpd[24476],authorized,203.101.45.59
2010-07-17,15:09:15,combo,ftpd[24480],authorized,203.101.45.59
2010-07-17,15:09:15,combo,ftpd[24479],authorized,203.101.45.59
2010-07-17,15:09:15,combo,ftpd[24481],authorized,203.101.45.59
2010-07-17,15:09:15,combo,ftpd[24482],authorized,203.101.45.59
2010-07-17,15:09:16,combo,ftpd[24483],authorized,203.101.45.59
2010-07-17,15:09:16,combo,ftpd[24484],authorized,203.101.45.59
2010-07-17,15:09:16,combo,ftpd[24485],authorized,203.101.45.59
2010-07-17,15:09:16,combo,ftpd[24486],authorized,203.101.45.59
2010-07-17,15:09:17,combo,ftpd[24487],authorized,203.101.45.59
2010-07-17,21:23:20,combo,ftpd[25038],authorized,82.68.222.194
2010-07-17,21:23:20,combo,ftpd[25028],authorized,82.68.222.194
2010-07-17,21:23:20,combo,ftpd[25029],authorized,82.68.222.194
2010-07-17,21:23:20,combo,ftpd[25035],authorized,82.68.222.194
2010-07-17,21:23:20,combo,ftpd[25030],authorized,82.68.222.194
2010-07-17,21:23:20,combo,ftpd[25039],authorized,82.68.222.194
2010-07-17,21:23:20,combo,ftpd[25040],authorized,82.68.222.194
2010-07-17,21:23:20,combo,ftpd[25031],authorized,82.68.222.194
2010-07-17,21:23:20,combo,ftpd[25041],authorized,82.68.222.194
2010-07-17,21:23:20,combo,ftpd[25032],authorized,82.68.222.194
2010-07-17,21:23:20,combo,ftpd[25042],authorized,82.68.222.194
2010-07-17,21:23:20,combo,ftpd[25033],authorized,82.68.222.194
2010-07-17,21:23:20,combo,ftpd[25043],authorized,82.68.222.194
2010-07-17,21:23:20,combo,ftpd[25034],authorized,82.68.222.194
2010-07-17,21:23:20,combo,ftpd[25036],authorized,82.68.222.194
2010-07-17,21:23:20,combo,ftpd[25037],authorized,82.68.222.194
2010-07-17,21:23:23,combo,ftpd[25044],authorized,82.68.222.194
2010-07-17,21:23:24,combo,ftpd[25045],authorized,82.68.222.194
2010-07-17,21:23:24,combo,ftpd[25046],authorized,82.68.222.194
2010-07-17,21:23:24,combo,ftpd[25047],authorized,82.68.222.194
2010-07-17,21:23:24,combo,ftpd[25048],authorized,82.68.222.194
2010-07-17,21:23:24,combo,ftpd[25049],authorized,82.68.222.194
2010-07-17,21:23:24,combo,ftpd[25050],authorized,82.68.222.194
2010-07-17,23:21:50,combo,ftpd[25217],authorized,82.68.222.195
2010-07-17,23:21:54,combo,ftpd[25218],authorized,82.68.222.195
2010-07-17,23:21:54,combo,ftpd[25219],authorized,82.68.222.195
2010-07-17,23:21:54,combo,ftpd[25220],authorized,82.68.222.195
2010-07-17,23:21:54,combo,ftpd[25221],authorized,82.68.222.195
2010-07-17,23:21:54,combo,ftpd[25222],authorized,82.68.222.195
2010-07-17,23:21:54,combo,ftpd[25223],authorized,82.68.222.195
2010-07-17,23:21:54,combo,ftpd[25225],authorized,82.68.222.195
2010-07-17,23:21:54,combo,ftpd[25224],authorized,82.68.222.195
2010-07-17,23:21:54,combo,ftpd[25226],authorized,82.68.222.195
2010-07-17,23:21:54,combo,ftpd[25227],authorized,82.68.222.195
2010-07-17,23:21:54,combo,ftpd[25228],authorized,82.68.222.195
2010-07-17,23:21:54,combo,ftpd[25229],authorized,82.68.222.195
2010-07-17,23:21:54,combo,ftpd[25230],authorized,82.68.222.195
2010-07-17,23:21:54,combo,ftpd[25231],authorized,82.68.222.195
2010-07-17,23:21:54,combo,ftpd[25232],authorized,82.68.222.195
2010-07-17,23:21:54,combo,ftpd[25233],authorized,82.68.222.195
2010-07-17,23:21:54,combo,ftpd[25234],authorized,82.68.222.195
2010-07-17,23:21:54,combo,ftpd[25235],authorized,82.68.222.195
2010-07-17,23:21:54,combo,ftpd[25236],authorized,82.68.222.195
2010-07-17,23:21:54,combo,ftpd[25237],authorized,82.68.222.195
2010-07-17,23:21:54,combo,ftpd[25238],authorized,82.68.222.195
2010-07-17,23:21:54,combo,ftpd[25239],authorized,82.68.222.195
2010-07-18,03:26:48,combo,ftpd[25628],authorized,211.72.151.162
2010-07-18,03:26:48,combo,ftpd[25629],authorized,211.72.151.162
2010-07-18,03:26:48,combo,ftpd[25630],authorized,211.72.151.162
2010-07-18,03:26:48,combo,ftpd[25631],authorized,211.72.151.162
2010-07-18,03:26:48,combo,ftpd[25632],authorized,211.72.151.162
2010-07-18,03:26:48,combo,ftpd[25633],authorized,211.72.151.162
2010-07-18,03:26:48,combo,ftpd[25634],authorized,211.72.151.162
2010-07-18,03:26:48,combo,ftpd[25635],authorized,211.72.151.162
2010-07-18,03:26:49,combo,ftpd[25638],authorized,211.72.151.162
2010-07-18,03:26:49,combo,ftpd[25636],authorized,211.72.151.162
2010-07-18,03:26:49,combo,ftpd[25637],authorized,211.72.151.162
2010-07-18,03:26:49,combo,ftpd[25639],authorized,211.72.151.162
2010-07-18,03:26:49,combo,ftpd[25640],authorized,211.72.151.162
2010-07-18,03:26:49,combo,ftpd[25641],authorized,211.72.151.162
2010-07-18,03:26:49,combo,ftpd[25643],authorized,211.72.151.162
2010-07-18,03:26:49,combo,ftpd[25644],authorized,211.72.151.162
2010-07-18,03:26:49,combo,ftpd[25645],authorized,211.72.151.162
2010-07-18,03:26:49,combo,ftpd[25642],authorized,211.72.151.162
2010-07-18,03:26:49,combo,ftpd[25646],authorized,211.72.151.162
2010-07-18,03:26:49,combo,ftpd[25648],authorized,211.72.151.162
2010-07-18,03:26:49,combo,ftpd[25647],authorized,211.72.151.162
2010-07-18,23:01:25,combo,sshd(pam_unix)[28975],unauthorized,211.76.104.65
2010-07-18,23:01:25,combo,sshd(pam_unix)[28977],unauthorized,211.76.104.65
2010-07-18,23:01:25,combo,sshd(pam_unix)[28980],unauthorized,211.76.104.65
2010-07-18,23:01:25,combo,sshd(pam_unix)[28978],unauthorized,211.76.104.65
2010-07-18,23:01:26,combo,sshd(pam_unix)[28983],unauthorized,211.76.104.65
2010-07-18,23:01:27,combo,sshd(pam_unix)[28986],unauthorized,211.76.104.65
2010-07-18,23:01:27,combo,sshd(pam_unix)[28985],unauthorized,211.76.104.65
2010-07-18,23:01:27,combo,sshd(pam_unix)[28987],unauthorized,211.76.104.65
2010-07-18,23:01:27,combo,sshd(pam_unix)[28988],unauthorized,211.76.104.65
2010-07-18,23:01:27,combo,sshd(pam_unix)[28991],unauthorized,211.76.104.65
2010-07-19,07:35:41,combo,sshd(pam_unix)[30500],unauthorized,202.181.236.180
2010-07-19,07:35:41,combo,sshd(pam_unix)[30510],unauthorized,202.181.236.180
2010-07-19,07:35:41,combo,sshd(pam_unix)[30499],unauthorized,202.181.236.180
2010-07-19,07:35:41,combo,sshd(pam_unix)[30503],unauthorized,202.181.236.180
2010-07-19,07:35:41,combo,sshd(pam_unix)[30505],unauthorized,202.181.236.180
2010-07-19,07:35:41,combo,sshd(pam_unix)[30501],unauthorized,202.181.236.180
2010-07-19,07:35:41,combo,sshd(pam_unix)[30504],unauthorized,202.181.236.180
2010-07-19,07:35:41,combo,sshd(pam_unix)[30498],unauthorized,202.181.236.180
2010-07-19,07:35:41,combo,sshd(pam_unix)[30511],unauthorized,202.181.236.180
2010-07-19,07:35:41,combo,sshd(pam_unix)[30508],unauthorized,202.181.236.180
2010-07-20,23:37:40,combo,sshd(pam_unix)[3307],unauthorized,218.55.234.102
2010-07-20,23:37:40,combo,sshd(pam_unix)[3306],unauthorized,218.55.234.102
2010-07-20,23:37:40,combo,sshd(pam_unix)[3308],unauthorized,218.55.234.102
2010-07-20,23:37:46,combo,sshd(pam_unix)[3313],unauthorized,218.55.234.102
2010-07-20,23:37:46,combo,sshd(pam_unix)[3312],unauthorized,218.55.234.102
2010-07-21,01:30:45,combo,sshd(pam_unix)[3489],unauthorized,210.76.59.29
2010-07-21,01:30:49,combo,sshd(pam_unix)[3493],unauthorized,210.76.59.29
2010-07-21,01:30:50,combo,sshd(pam_unix)[3488],unauthorized,210.76.59.29
2010-07-21,01:30:50,combo,sshd(pam_unix)[3487],unauthorized,210.76.59.29
2010-07-21,09:04:41,combo,ftpd[5033],authorized,216.12.111.241
2010-07-21,09:04:41,combo,ftpd[5032],authorized,216.12.111.241
2010-07-21,09:04:41,combo,ftpd[5030],authorized,216.12.111.241
2010-07-21,09:04:41,combo,ftpd[5029],authorized,216.12.111.241
2010-07-21,09:04:41,combo,ftpd[5018],authorized,216.12.111.241
2010-07-21,09:04:41,combo,ftpd[5017],authorized,216.12.111.241
2010-07-21,09:04:41,combo,ftpd[5016],authorized,216.12.111.241
2010-07-21,09:04:41,combo,ftpd[5019],authorized,216.12.111.241
2010-07-21,09:04:41,combo,ftpd[5022],authorized,216.12.111.241
2010-07-21,09:04:41,combo,ftpd[5023],authorized,216.12.111.241
2010-07-21,09:04:41,combo,ftpd[5024],authorized,216.12.111.241
2010-07-21,09:04:41,combo,ftpd[5025],authorized,216.12.111.241
2010-07-21,09:04:41,combo,ftpd[5028],authorized,216.12.111.241
2010-07-21,09:04:41,combo,ftpd[5031],authorized,216.12.111.241
2010-07-21,09:04:41,combo,ftpd[5020],authorized,216.12.111.241
2010-07-21,09:04:41,combo,ftpd[5021],authorized,216.12.111.241
2010-07-21,09:04:41,combo,ftpd[5027],authorized,216.12.111.241
2010-07-21,09:04:41,combo,ftpd[5026],authorized,216.12.111.241
2010-07-21,09:04:41,combo,ftpd[5035],authorized,216.12.111.241
2010-07-21,09:04:41,combo,ftpd[5037],authorized,216.12.111.241
2010-07-21,09:04:41,combo,ftpd[5034],authorized,216.12.111.241
2010-07-21,09:04:41,combo,ftpd[5036],authorized,216.12.111.241
2010-07-21,09:04:43,combo,ftpd[5038],authorized,216.12.111.241
2010-07-21,15:18:30,combo,sshd(pam_unix)[5587],unauthorized,193.110.106.11
2010-07-21,15:18:30,combo,sshd(pam_unix)[5586],unauthorized,193.110.106.11
2010-07-22,09:27:24,combo,ftpd[12294],authorized,211.42.188.206
2010-07-22,09:27:24,combo,ftpd[12290],authorized,211.42.188.206
2010-07-22,09:27:24,combo,ftpd[12296],authorized,211.42.188.206
2010-07-22,09:27:24,combo,ftpd[12297],authorized,211.42.188.206
2010-07-22,09:27:24,combo,ftpd[12291],authorized,211.42.188.206
2010-07-22,09:27:24,combo,ftpd[12293],authorized,211.42.188.206
2010-07-22,09:27:24,combo,ftpd[12295],authorized,211.42.188.206
2010-07-22,09:27:24,combo,ftpd[12292],authorized,211.42.188.206
2010-07-22,09:27:24,combo,ftpd[12282],authorized,211.42.188.206
2010-07-22,09:27:24,combo,ftpd[12288],authorized,211.42.188.206
2010-07-22,09:27:24,combo,ftpd[12284],authorized,211.42.188.206
2010-07-22,09:27:24,combo,ftpd[12279],authorized,211.42.188.206
2010-07-22,09:27:24,combo,ftpd[12285],authorized,211.42.188.206
2010-07-22,09:27:24,combo,ftpd[12286],authorized,211.42.188.206
2010-07-22,09:27:24,combo,ftpd[12278],authorized,211.42.188.206
2010-07-22,09:27:24,combo,ftpd[12277],authorized,211.42.188.206
2010-07-22,09:27:24,combo,ftpd[12280],authorized,211.42.188.206
2010-07-22,09:27:24,combo,ftpd[12289],authorized,211.42.188.206
2010-07-22,09:27:24,combo,ftpd[12281],authorized,211.42.188.206
2010-07-22,09:27:24,combo,ftpd[12283],authorized,211.42.188.206
2010-07-22,09:27:24,combo,ftpd[12287],authorized,211.42.188.206
2010-07-22,09:27:24,combo,ftpd[12298],authorized,211.42.188.206
2010-07-22,09:27:24,combo,ftpd[12299],authorized,211.42.188.206
2010-07-22,19:29:09,combo,ftpd[13152],authorized,67.95.49.172
2010-07-22,19:29:09,combo,ftpd[13150],authorized,67.95.49.172
2010-07-22,19:29:09,combo,ftpd[13147],authorized,67.95.49.172
2010-07-22,19:29:09,combo,ftpd[13149],authorized,67.95.49.172
2010-07-22,19:29:09,combo,ftpd[13148],authorized,67.95.49.172
2010-07-22,19:29:09,combo,ftpd[13151],authorized,67.95.49.172
2010-07-22,19:29:09,combo,ftpd[13153],authorized,67.95.49.172
2010-07-22,19:29:09,combo,ftpd[13141],authorized,67.95.49.172
2010-07-22,19:29:09,combo,ftpd[13146],authorized,67.95.49.172
2010-07-22,19:29:09,combo,ftpd[13140],authorized,67.95.49.172
2010-07-22,19:29:09,combo,ftpd[13142],authorized,67.95.49.172
2010-07-22,19:29:09,combo,ftpd[13143],authorized,67.95.49.172
2010-07-22,19:29:09,combo,ftpd[13145],authorized,67.95.49.172
2010-07-22,19:29:09,combo,ftpd[13144],authorized,67.95.49.172
2010-07-22,19:29:09,combo,ftpd[13154],authorized,67.95.49.172
2010-07-22,19:29:09,combo,ftpd[13155],authorized,67.95.49.172
2010-07-22,19:29:09,combo,ftpd[13156],authorized,67.95.49.172
2010-07-22,19:29:09,combo,ftpd[13157],authorized,67.95.49.172
2010-07-22,19:29:09,combo,ftpd[13158],authorized,67.95.49.172
2010-07-22,19:29:09,combo,ftpd[13159],authorized,67.95.49.172
2010-07-22,19:29:09,combo,ftpd[13160],authorized,67.95.49.172
2010-07-22,19:29:09,combo,ftpd[13161],authorized,67.95.49.172
2010-07-22,19:29:10,combo,ftpd[13162],authorized,67.95.49.172
2010-07-23,11:46:41,combo,sshd(pam_unix)[15385],unauthorized,85.44.47.166
2010-07-23,20:04:41,combo,sshd(pam_unix)[16159],unauthorized,211.9.58.217
2010-07-23,20:04:41,combo,sshd(pam_unix)[16158],unauthorized,211.9.58.217
2010-07-23,20:04:41,combo,sshd(pam_unix)[16156],unauthorized,211.9.58.217
2010-07-23,20:04:41,combo,sshd(pam_unix)[16157],unauthorized,211.9.58.217
2010-07-23,20:04:41,combo,sshd(pam_unix)[16162],unauthorized,211.9.58.217
2010-07-23,20:04:41,combo,sshd(pam_unix)[16155],unauthorized,211.9.58.217
2010-07-23,20:04:41,combo,sshd(pam_unix)[16160],unauthorized,211.9.58.217
2010-07-23,20:04:41,combo,sshd(pam_unix)[16154],unauthorized,211.9.58.217
2010-07-23,20:04:42,combo,sshd(pam_unix)[16161],unauthorized,211.9.58.217
2010-07-23,20:04:42,combo,sshd(pam_unix)[16153],unauthorized,211.9.58.217
2010-07-24,02:38:22,combo,ftpd[16773],authorized,84.102.20.2
2010-07-24,02:38:22,combo,ftpd[16789],authorized,84.102.20.2
2010-07-24,02:38:22,combo,ftpd[16783],authorized,84.102.20.2
2010-07-24,02:38:22,combo,ftpd[16792],authorized,84.102.20.2
2010-07-24,02:38:22,combo,ftpd[16784],authorized,84.102.20.2
2010-07-24,02:38:22,combo,ftpd[16781],authorized,84.102.20.2
2010-07-24,02:38:22,combo,ftpd[16786],authorized,84.102.20.2
2010-07-24,02:38:22,combo,ftpd[16788],authorized,84.102.20.2
2010-07-24,02:38:22,combo,ftpd[16785],authorized,84.102.20.2
2010-07-24,02:38:22,combo,ftpd[16790],authorized,84.102.20.2
2010-07-24,02:38:22,combo,ftpd[16780],authorized,84.102.20.2
2010-07-24,02:38:22,combo,ftpd[16779],authorized,84.102.20.2
2010-07-24,02:38:22,combo,ftpd[16782],authorized,84.102.20.2
2010-07-24,02:38:22,combo,ftpd[16787],authorized,84.102.20.2
2010-07-24,02:38:22,combo,ftpd[16774],authorized,84.102.20.2
2010-07-24,02:38:22,combo,ftpd[16772],authorized,84.102.20.2
2010-07-24,02:38:22,combo,ftpd[16775],authorized,84.102.20.2
2010-07-24,02:38:22,combo,ftpd[16778],authorized,84.102.20.2
2010-07-24,02:38:22,combo,ftpd[16776],authorized,84.102.20.2
2010-07-24,02:38:22,combo,ftpd[16777],authorized,84.102.20.2
2010-07-24,02:38:22,combo,ftpd[16791],authorized,84.102.20.2
2010-07-24,02:38:22,combo,ftpd[16793],authorized,84.102.20.2
2010-07-24,02:38:22,combo,ftpd[16794],authorized,84.102.20.2
2010-07-24,08:31:57,combo,sshd(pam_unix)[22185],unauthorized,203.251.225.101
2010-07-24,08:31:57,combo,sshd(pam_unix)[22184],unauthorized,203.251.225.101
2010-07-24,08:31:59,combo,sshd(pam_unix)[22188],unauthorized,203.251.225.101
2010-07-24,08:31:59,combo,sshd(pam_unix)[22189],unauthorized,203.251.225.101
2010-07-24,08:31:59,combo,sshd(pam_unix)[22191],unauthorized,203.251.225.101
2010-07-24,13:46:32,combo,ftpd[22655],authorized,211.107.232.1
2010-07-24,13:46:32,combo,ftpd[22652],authorized,211.107.232.1
2010-07-24,13:46:32,combo,ftpd[22658],authorized,211.107.232.1
2010-07-24,13:46:32,combo,ftpd[22653],authorized,211.107.232.1
2010-07-24,13:46:32,combo,ftpd[22657],authorized,211.107.232.1
2010-07-24,13:46:32,combo,ftpd[22659],authorized,211.107.232.1
2010-07-24,13:46:32,combo,ftpd[22656],authorized,211.107.232.1
2010-07-24,13:46:32,combo,ftpd[22651],authorized,211.107.232.1
2010-07-24,13:46:32,combo,ftpd[22654],authorized,211.107.232.1
2010-07-24,13:46:34,combo,ftpd[22660],authorized,211.107.232.1
2010-07-24,13:46:34,combo,ftpd[22661],authorized,211.107.232.1
2010-07-24,13:46:34,combo,ftpd[22662],authorized,211.107.232.1
2010-07-24,13:46:34,combo,ftpd[22663],authorized,211.107.232.1
2010-07-24,13:46:34,combo,ftpd[22665],authorized,211.107.232.1
2010-07-24,13:46:34,combo,ftpd[22666],authorized,211.107.232.1
2010-07-24,13:46:34,combo,ftpd[22667],authorized,211.107.232.1
2010-07-24,13:46:34,combo,ftpd[22664],authorized,211.107.232.1
2010-07-24,13:46:34,combo,ftpd[22668],authorized,211.107.232.1
2010-07-24,13:46:35,combo,ftpd[22669],authorized,211.107.232.1
2010-07-25,06:39:18,combo,ftpd[24970],authorized,206.47.209.10
2010-07-25,06:39:18,combo,ftpd[24971],authorized,206.47.209.10
2010-07-25,06:39:18,combo,ftpd[24972],authorized,206.47.209.10
2010-07-25,06:39:18,combo,ftpd[24977],authorized,206.47.209.10
2010-07-25,06:39:18,combo,ftpd[24976],authorized,206.47.209.10
2010-07-25,06:39:18,combo,ftpd[24974],authorized,206.47.209.10
2010-07-25,06:39:18,combo,ftpd[24973],authorized,206.47.209.10
2010-07-25,06:39:18,combo,ftpd[24975],authorized,206.47.209.10
2010-07-25,06:39:18,combo,ftpd[24978],authorized,206.47.209.10
2010-07-25,06:39:18,combo,ftpd[24962],authorized,206.47.209.10
2010-07-25,06:39:18,combo,ftpd[24967],authorized,206.47.209.10
2010-07-25,06:39:18,combo,ftpd[24966],authorized,206.47.209.10
2010-07-25,06:39:18,combo,ftpd[24968],authorized,206.47.209.10
2010-07-25,06:39:18,combo,ftpd[24965],authorized,206.47.209.10
2010-07-25,06:39:18,combo,ftpd[24964],authorized,206.47.209.10
2010-07-25,06:39:18,combo,ftpd[24958],authorized,206.47.209.10
2010-07-25,06:39:18,combo,ftpd[24956],authorized,206.47.209.10
2010-07-25,06:39:18,combo,ftpd[24957],authorized,206.47.209.10
2010-07-25,06:39:18,combo,ftpd[24959],authorized,206.47.209.10
2010-07-25,06:39:18,combo,ftpd[24969],authorized,206.47.209.10
2010-07-25,06:39:18,combo,ftpd[24960],authorized,206.47.209.10
2010-07-25,06:39:18,combo,ftpd[24963],authorized,206.47.209.10
2010-07-25,06:39:18,combo,ftpd[24961],authorized,206.47.209.10
2010-07-25,23:24:09,combo,ftpd[26479],authorized,217.187.83.50
2010-07-25,23:24:09,combo,ftpd[26478],authorized,217.187.83.50
2010-07-25,23:24:09,combo,ftpd[26477],authorized,217.187.83.50
2010-07-25,23:24:09,combo,ftpd[26476],authorized,217.187.83.50
2010-07-25,23:24:09,combo,ftpd[26475],authorized,217.187.83.50
2010-07-25,23:24:09,combo,ftpd[26474],authorized,217.187.83.50
2010-07-25,23:24:09,combo,ftpd[26473],authorized,217.187.83.50
2010-07-25,23:24:09,combo,ftpd[26467],authorized,217.187.83.50
2010-07-25,23:24:09,combo,ftpd[26471],authorized,217.187.83.50
2010-07-25,23:24:09,combo,ftpd[26472],authorized,217.187.83.50
2010-07-25,23:24:09,combo,ftpd[26468],authorized,217.187.83.50
2010-07-25,23:24:09,combo,ftpd[26470],authorized,217.187.83.50
2010-07-25,23:24:09,combo,ftpd[26469],authorized,217.187.83.50
2010-07-25,23:24:09,combo,ftpd[26464],authorized,217.187.83.50
2010-07-25,23:24:09,combo,ftpd[26465],authorized,217.187.83.50
2010-07-25,23:24:09,combo,ftpd[26480],authorized,217.187.83.50
2010-07-25,23:24:09,combo,ftpd[26481],authorized,217.187.83.50
2010-07-25,23:24:09,combo,ftpd[26483],authorized,217.187.83.50
2010-07-25,23:24:09,combo,ftpd[26485],authorized,217.187.83.50
2010-07-26,05:47:42,combo,ftpd[28699],authorized,172.181.208.156
2010-07-26,05:47:42,combo,ftpd[28703],authorized,172.181.208.156
2010-07-26,05:47:42,combo,ftpd[28700],authorized,172.181.208.156
2010-07-26,05:47:42,combo,ftpd[28701],authorized,172.181.208.156
2010-07-26,05:47:42,combo,ftpd[28702],authorized,172.181.208.156
2010-07-26,05:47:42,combo,ftpd[28696],authorized,172.181.208.156
2010-07-26,05:47:42,combo,ftpd[28694],authorized,172.181.208.156
2010-07-26,05:47:42,combo,ftpd[28695],authorized,172.181.208.156
2010-07-26,05:47:42,combo,ftpd[28697],authorized,172.181.208.156
2010-07-26,05:47:42,combo,ftpd[28698],authorized,172.181.208.156
2010-07-26,05:47:42,combo,ftpd[28693],authorized,172.181.208.156
2010-07-26,05:47:42,combo,ftpd[28689],authorized,172.181.208.156
2010-07-26,05:47:42,combo,ftpd[28690],authorized,172.181.208.156
2010-07-26,05:47:42,combo,ftpd[28691],authorized,172.181.208.156
2010-07-26,05:47:42,combo,ftpd[28686],authorized,172.181.208.156
2010-07-26,05:47:42,combo,ftpd[28687],authorized,172.181.208.156
2010-07-26,05:47:42,combo,ftpd[28688],authorized,172.181.208.156
2010-07-26,05:47:42,combo,ftpd[28692],authorized,172.181.208.156
2010-07-26,05:47:51,combo,ftpd[28705],authorized,172.181.208.156
2010-07-26,05:47:51,combo,ftpd[28704],authorized,172.181.208.156
2010-07-26,05:47:51,combo,ftpd[28706],authorized,172.181.208.156
2010-07-26,05:47:51,combo,ftpd[28707],authorized,172.181.208.156
2010-07-26,05:47:51,combo,ftpd[28708],authorized,172.181.208.156
2010-07-26,07:02:27,combo,sshd(pam_unix)[28842],unauthorized,207.243.167.114
2010-07-26,07:02:35,combo,sshd(pam_unix)[28844],unauthorized,207.243.167.114
2010-07-26,07:02:37,combo,sshd(pam_unix)[28846],unauthorized,207.243.167.114
2010-07-26,07:02:45,combo,sshd(pam_unix)[28848],unauthorized,207.243.167.114
2010-07-26,07:02:47,combo,sshd(pam_unix)[28850],unauthorized,207.243.167.114
2010-07-26,07:02:55,combo,sshd(pam_unix)[28852],unauthorized,207.243.167.114
2010-07-26,07:02:57,combo,sshd(pam_unix)[28854],unauthorized,207.243.167.114
2010-07-26,07:03:05,combo,sshd(pam_unix)[28856],unauthorized,207.243.167.114
2010-07-26,07:03:07,combo,sshd(pam_unix)[28858],unauthorized,207.243.167.114
2010-07-26,07:03:15,combo,sshd(pam_unix)[28860],unauthorized,207.243.167.114
2010-07-26,07:03:17,combo,sshd(pam_unix)[28862],unauthorized,207.243.167.114
2010-07-26,07:03:26,combo,sshd(pam_unix)[28864],unauthorized,207.243.167.114
2010-07-26,07:03:27,combo,sshd(pam_unix)[28866],unauthorized,207.243.167.114
2010-07-26,07:03:35,combo,sshd(pam_unix)[28868],unauthorized,207.243.167.114
2010-07-26,07:03:37,combo,sshd(pam_unix)[28870],unauthorized,207.243.167.114
2010-07-26,07:03:45,combo,sshd(pam_unix)[28872],unauthorized,207.243.167.114
2010-07-26,07:03:47,combo,sshd(pam_unix)[28874],unauthorized,207.243.167.114
2010-07-26,07:03:55,combo,sshd(pam_unix)[28876],unauthorized,207.243.167.114
2010-07-26,07:03:57,combo,sshd(pam_unix)[28878],unauthorized,207.243.167.114
2010-07-26,07:04:02,combo,sshd(pam_unix)[28880],unauthorized,207.243.167.114
2010-07-26,07:04:05,combo,sshd(pam_unix)[28882],unauthorized,207.243.167.114
2010-07-26,07:04:07,combo,sshd(pam_unix)[28884],unauthorized,207.243.167.114
2010-07-26,07:04:12,combo,sshd(pam_unix)[28886],unauthorized,207.243.167.114
2010-07-27,10:59:53,combo,ftpd[31985],authorized,218.38.58.3
